CD,Very low density,Low density,Medium density,High density,Incumbent,Party,Clinton16,Trump16,Obama12,Romney12,Obama08,McCain08,cong_R16,cong_D16,cong_Other16,PVI,cook_rating,cook_score,is_competitive_cook,D538,is_competitive538
AK-AL,0.48299266527820084,0.19833109697034557,0.2292450422713765,0.08943119548007716,Don Young,R,0.376,0.528,0.41200000000000003,0.5529999999999999,0.381,0.597,0.503208976047865,0.360219728875593,0.1365712950765412,9,Likely R,2,1,0.2508,1
AL-01,0.3653589736013795,0.42887765674282213,0.19741335687271128,0.00835001278308707,Bradley Byrne,R,0.341,0.635,0.374,0.618,0.385,0.609,0.963824672407165,0,0.0361753275928353,15,Solid R,3,0,6e-4,0
AL-02,0.5354866689702183,0.3161477199597846,0.14836561106999713,0,Martha Roby,R,0.33,0.649,0.364,0.629,0.35,0.645,0.487685477106413,0.405262054204148,0.10705246868944,16,Solid R,3,0,0.0165,0
AL-03,0.5404072958588954,0.3893476756066483,0.0655522282971478,0.004692800237308579,Mike Rogers,R,0.32299999999999995,0.653,0.368,0.623,0.366,0.626,0.66931843513152,0.329319689032546,0.00136187583593402,16,Solid R,3,0,0.001,0
AL-04,0.695332139741225,0.2889415084176601,0.01572635184111493,0,Robert Aderholt,R,0.174,0.804,0.24,0.748,0.255,0.733,0.985303452999449,0,0.0146965470005513,30,Solid R,3,0,0,0
AL-05,0.3989730486989527,0.43282129660396146,0.16820565469708573,0,Mo Brooks,R,0.313,0.647,0.349,0.639,0.363,0.626,0.666979106530101,0.331577615900054,0.0014432775698449,18,Solid R,3,0,0.001,0
AL-06,0.3463199105400232,0.4902717104540786,0.15192869670704576,0.011479682298852401,Gary Palmer,R,0.261,0.708,0.247,0.743,0.25,0.741,0.744939357315081,0.254198222929433,8.62419755485779e-4,26,Solid R,3,0,1e-4,0
AL-07,0.3030558092720477,0.33002170135472436,0.33911751564272424,0.027804973730503675,Terri Sewell,D,0.698,0.28600000000000003,0.7240000000000001,0.271,0.715,0.281,0,0.984130662409668,0.0158693375903325,-20,Solid D,-3,0,1,0
AR-01,0.6505479768950925,0.26487525800843836,0.08457676509646918,0,Eric Crawford,R,0.302,0.65,0.363,0.61,0.392,0.58,0.762780702518596,0,0.237219297481404,17,Solid R,3,0,5e-4,0
AR-02,0.30514519336372464,0.3953215398087759,0.2948593110154593,0.0046739558120402055,J. Hill,R,0.41700000000000004,0.524,0.429,0.547,0.44299999999999995,0.5379999999999999,0.583447947524334,0.368133067075751,0.04841898539991539,7,Lean R,1,1,0.1658,0
AR-03,0.3618642075671107,0.43357311066494486,0.20456268176794445,0,Steve Womack,R,0.305,0.619,0.316,0.655,0.33899999999999997,0.637,0.773181159600864,0,0.226818840399136,19,Solid R,3,0,9e-4,0
AR-04,0.6906574832648922,0.2624830076637977,0.04685950907131009,0,Bruce Westerman,R,0.313,0.642,0.359,0.618,0.374,0.599,0.74904058420947,0,0.25095941579053,17,Solid R,3,0,4e-4,0
AZ-01,0.5529004309335186,0.3168210456017655,0.1302785234647159,0,Tom O'Halleran,D,0.466,0.47700000000000004,0.479,0.504,0.478,0.51,0.433703822450216,0.506640304941042,0.0596558726087421,2,Likely D,-2,1,0.8843,0
AZ-02,0.17087114637589934,0.22330445906041343,0.4089308034532704,0.19689359111041677,Martha McSally,R,0.496,0.447,0.484,0.499,0.489,0.498,0.569584926460107,0.430415073539893,0,1,Lean D,-1,1,0.9475,1
AZ-03,0.17642380117654483,0.25788582073119337,0.44755093847972094,0.11813943961254085,Raúl Grijalva,D,0.624,0.325,0.614,0.369,0.5820000000000001,0.40700000000000003,0,0.986347535339491,0.013652464660509152,-13,Solid D,-3,0,0.9998,0
AZ-04,0.36626240068526106,0.3973736474988963,0.1986312757520031,0.03773267606383949,Paul Gosar,R,0.275,0.677,0.31,0.672,0.344,0.642,0.714533522015008,0.285466477984992,0,21,Solid R,3,0,4e-4,0
AZ-05,0.003618717581894053,0.2309788473786001,0.6766813947992891,0.08872104024021664,Andy Biggs,R,0.365,0.5760000000000001,0.34600000000000003,0.638,0.363,0.626,0.640951631242893,0.359048368757107,0,15,Solid R,3,0,0.0015,0
AZ-06,0.040134928174846866,0.22792291808252726,0.42978417985319034,0.3021579738894355,David Schweikert,R,0.424,0.524,0.38799999999999996,0.595,0.41200000000000003,0.5770000000000001,0.621302905894392,0.378697094105608,0,9,Likely R,2,1,0.1486,0
AZ-07,7.594893458473533e-4,0.12945532921386257,0.43511502855470124,0.4346701528855889,Ruben Gallego,D,0.718,0.226,0.7170000000000001,0.265,0.647,0.341,0.247375811499203,0.752246380918198,3.77807582598183e-4,-23,Solid D,-3,0,0.9999,0
AZ-08,0.05286511578237633,0.1982113273028944,0.6156638930987448,0.13325966381598447,Debbie Lesko,R,0.37,0.581,0.369,0.617,0.384,0.606,0.68549123493583,0,0.31450876506417014,13,Solid R,3,0,0.2474,0
AZ-09,9.261250409318039e-5,0.05730105900572427,0.42889308372563406,0.5137132447645484,Kyrsten Sinema,D,0.547,0.384,0.511,0.466,0.513,0.474,0.390440601498341,0.609191840205833,3.6755829582677197e-4,-4,Solid D,-3,0,0.9913,0
CA-01,0.4311041331775124,0.3673057610826544,0.17045015864067528,0.031139947099157912,Doug LaMalfa,R,0.365,0.562,0.40299999999999997,0.5660000000000001,0.42,0.53,0.590531021921054,0.409468978078946,0,11,Solid R,3,0,0.1492,0
CA-02,0.2897269869477606,0.31505701657881524,0.33272532624493156,0.0624906702284925,Jared Huffman,D,0.69,0.233,0.69,0.27,0.71,0.25,0.231499005339122,0.768500994660878,0,-22,Solid D,-3,0,1,0
CA-03,0.25009486576413553,0.258825396038173,0.25874687850121775,0.23233285969647377,John Garamendi,D,0.53,0.40399999999999997,0.5429999999999999,0.431,0.55,0.42,0.406485682930816,0.593514317069184,0,-5,Solid D,-3,0,0.999,0
CA-04,0.4080583136761747,0.34976804666288247,0.19996404331685813,0.04220959634408468,Tom McClintock,R,0.39299999999999996,0.54,0.395,0.579,0.43,0.54,0.627198855768738,0.372801144231262,0,10,Likely R,2,1,0.1348,0
CA-05,0.12909120779993294,0.23571619455696585,0.38545959471786856,0.24973300292523273,Mike Thompson,D,0.6920000000000001,0.243,0.6970000000000001,0.275,0.7,0.26,0.231314898439185,0.768685101560815,0,-21,Solid D,-3,0,0.9996,0
CA-06,0.01010708576800076,0.06717702522243742,0.39000816472285893,0.5327077242867029,Doris Matsui,D,0.6920000000000001,0.244,0.691,0.28300000000000003,0.68,0.29,0.245729844995816,0.754270155004184,0,-21,Solid D,-3,0,1,0
CA-07,0.050511193646326585,0.09105701714942042,0.5507976358955516,0.30763415330870125,Ami Bera,D,0.523,0.409,0.508,0.46799999999999997,0.51,0.46,0.488286282252667,0.511713717747334,0,-3,Likely D,-2,1,0.9877,0
CA-08,0.2672382834252132,0.4780022598943361,0.23473823725683612,0.020021219423614615,Paul Cook,R,0.396,0.547,0.41700000000000004,0.556,0.42,0.55,0.622580190630298,0.377419809369702,0,9,Solid R,3,0,0,0
CA-09,0.0909375146643872,0.23653001227666196,0.44962172208758766,0.22291075097136318,Jerry McNerney,D,0.5660000000000001,0.38,0.578,0.401,0.56,0.41,0.426404772673429,0.573595227326571,0,-8,Solid D,-3,0,0.9986,0
CA-10,0.11332464457997674,0.20045870999869303,0.4607116053039094,0.22550504011742079,Jeff Denham,R,0.485,0.455,0.506,0.47,0.5,0.47,0.51700457408736,0.48299542591264,0,0,Tossup,0,1,0.667,1
CA-11,0.022609345350018312,0.2404188523265157,0.3332923525993465,0.4036794497241196,Mark DeSaulnier,D,0.715,0.22699999999999998,0.6759999999999999,0.3,0.69,0.28,0.279471779859092,0.720528220140908,0,-21,Solid D,-3,0,1,0
CA-12,4.7131386131311166e-4,0.011569472349196067,0.01553985272816612,0.9724193610613246,Nancy Pelosi,D,0.862,0.087,0.841,0.125,0.84,0.13,0,0.808732606353938,0.191267393646062,-37,Solid D,-3,0,1,0
CA-13,0.0021369375272242796,0.04582269953316966,0.10642343442170311,0.8456169285179028,Barbara Lee,D,0.8740000000000001,0.068,0.875,0.09,0.87,0.1,0.0921544517779547,0.907845548222045,0,-40,Solid D,-3,0,0.9999,0
CA-14,0.023704436767637414,0.09624249632343608,0.2159872102665581,0.6640658566423684,Jackie Speier,D,0.769,0.182,0.742,0.23600000000000002,0.73,0.24,0,0.808631265120598,0.191368734879402,-27,Solid D,-3,0,1,0
CA-15,0.05213472048832941,0.14741503937347877,0.2868997221868143,0.5135505179513775,Eric Swalwell,D,0.6990000000000001,0.242,0.68,0.298,0.67,0.3,0.262332046791012,0.737667953208988,0,-20,Solid D,-3,0,1,0
CA-16,0.16602181044518738,0.2364003169150327,0.36647254202845003,0.23110533061132987,Jim Costa,D,0.58,0.364,0.586,0.39399999999999996,0.57,0.4,0.419651575412608,0.580348424587392,0,-9,Likely D,-2,1,0.9806,0
CA-17,0.008294134498195016,0.06444121069632813,0.1610980867395962,0.7661665680658807,Ro Khanna,D,0.7390000000000001,0.205,0.7190000000000001,0.255,0.69,0.28,0,1,0,-25,Solid D,-3,0,1,0
CA-18,0.043208435570510774,0.15193120404228008,0.2505482490690574,0.5543121113181517,Anna Eshoo,D,0.7340000000000001,0.20199999999999999,0.682,0.289,0.7,0.27,0.28854999536937,0.71145000463063,0,-23,Solid D,-3,0,1,0
CA-19,0.02407847170493209,0.10306818664638909,0.1991406173348411,0.6737127243138377,Zoe Lofgren,D,0.7290000000000001,0.215,0.7120000000000001,0.265,0.68,0.29,0.260555675315114,0.739444324684886,0,-24,Solid D,-3,0,1,0
CA-20,0.20174811478617533,0.1710493173231757,0.23857978334090396,0.388622784549745,Jimmy Panetta,D,0.7040000000000001,0.23199999999999998,0.7090000000000001,0.262,0.71,0.26,0.292469242467483,0.707530757532517,0,-23,Solid D,-3,0,0.9994,0
CA-21,0.33002771981753537,0.3045609544011867,0.27654095116535976,0.0888703746159181,David Valadao,R,0.552,0.397,0.546,0.435,0.52,0.46,0.567382635490303,0.432617364509697,0,-5,Likely R,2,1,0.1883,0
CA-22,0.14205943404812035,0.21039611371911376,0.5025085431352205,0.14503590909754538,Devin Nunes,R,0.426,0.521,0.41600000000000004,0.5660000000000001,0.42,0.55,0.675650945243142,0.324349054756858,0,8,Solid R,3,0,0.0256,0
CA-23,0.20015224275832033,0.22696336650705692,0.45071697102985364,0.12216741970476906,Kevin McCarthy,R,0.361,0.581,0.361,0.615,0.36,0.61,0.69175110934499,0.30824889065501,0,14,Solid R,3,0,7e-4,0
CA-24,0.17621341772482044,0.27746398072189815,0.2932103198417158,0.2531122817115657,Salud Carbajal,D,0.5670000000000001,0.365,0.541,0.431,0.56,0.41,0.465809133436718,0.534190866563282,0,-7,Solid D,-3,0,0.9779,0
CA-25,0.12237368913921207,0.2181906401770612,0.4892692890931322,0.17016638159059452,Stephen Knight,R,0.503,0.436,0.479,0.49700000000000005,0.49,0.48,0.531300615329241,0.468699384670759,0,0,Tossup,0,1,0.6701,1
CA-26,0.10699207980574965,0.23494800388896106,0.32714599249018533,0.3309139238151039,Julia Brownley,D,0.579,0.36,0.54,0.43700000000000006,0.56,0.41,0.396204875368792,0.603795124631208,0,-7,Solid D,-3,0,0.9995,0
CA-27,0.0012987608430483403,0.04627385790013352,0.3173938980033673,0.6350334832534509,Judy Chu,D,0.66,0.284,0.626,0.35,0.61,0.35,0.325796386734336,0.674203613265664,0,-16,Solid D,-3,0,1,0
CA-28,7.554918242003088e-4,0.07884417071179028,0.1355795754042573,0.7848207620597522,Adam Schiff,D,0.721,0.223,0.703,0.265,0.7,0.26,0.220133205625552,0.779866794374448,0,-23,Solid D,-3,0,1,0
CA-29,2.0589138055559044e-4,0.025957619076083144,0.1933435916458098,0.7804928978975514,Tony Cárdenas,D,0.777,0.168,0.77,0.205,0.74,0.23,0,1,0,-29,Solid D,-3,0,1,0
CA-30,0.007387578362819949,0.06446325991652377,0.24945073559796382,0.6786984261226925,Brad Sherman,D,0.691,0.257,0.653,0.321,0.66,0.31,0.273616084698023,0.726383915301977,0,-18,Solid D,-3,0,1,0
CA-31,0.00796308381810921,0.1639446410902472,0.556035078822492,0.2720571962691515,Pete Aguilar,D,0.5770000000000001,0.366,0.5720000000000001,0.406,0.56,0.41,0.439324614700652,0.560675385299348,0,-8,Solid D,-3,0,0.9978,0
CA-32,0.0019790191886099938,0.06786804916348951,0.30934159070372896,0.6208113409441715,Grace Napolitano,D,0.6659999999999999,0.27699999999999997,0.652,0.325,0.62,0.35,0,1,0,-17,Solid D,-3,0,1,0
CA-33,0.027981687727045526,0.13909620622248428,0.16753416190687578,0.6653879441435944,Ted Lieu,D,0.6779999999999999,0.265,0.606,0.368,0.64,0.33,0.335601525048528,0.664398474951472,0,-16,Solid D,-3,0,1,0
CA-34,2.0829788710830254e-4,0.015395991162465001,0.08629064779300064,0.898105063157426,Jimy Gomez,D,0.836,0.107,0.83,0.141,0.77,0.19,0,1,0,-35,Solid D,-3,0,0.9998,0
CA-35,0.0017558396054338878,0.12211742717345757,0.4766386247206003,0.3994881085005083,Norma Torres,D,0.677,0.26899999999999996,0.674,0.306,0.64,0.32,0.276090876728158,0.723909123271842,0,-19,Solid D,-3,0,1,0
CA-36,0.13041455308699326,0.26657134956056994,0.5023149626398375,0.1006991347125993,Raul Ruiz,D,0.522,0.434,0.507,0.475,0.5,0.47,0.379460658507332,0.620539341492668,0,-2,Solid D,-3,0,0.9967,0
CA-37,0,0.0056209142745508554,0.026467887523426624,0.9679111982020224,Karen Bass,D,0.857,0.096,0.8490000000000001,0.127,0.84,0.13,0,1,0,-37,Solid D,-3,0,1,0
CA-38,0,0.07848729416986802,0.19118640108650237,0.7303263047436296,Linda Sánchez,D,0.67,0.27399999999999997,0.649,0.33,0.61,0.35,0.295217005436984,0.704782994563016,0,-17,Solid D,-3,0,1,0
CA-39,0.0022161305004076218,0.16261360905208272,0.4939068086421127,0.34126345180539686,Edward Royce,R,0.515,0.429,0.47100000000000003,0.508,0.47,0.49,0.572304293696101,0.427695706303899,0,0,Tossup,0,1,0.4897,1
CA-40,1.6893464382356066e-4,0.012109798384752238,0.10277912636896154,0.8849421406024627,Lucille Roybal-Allard,D,0.8220000000000001,0.128,0.815,0.165,0.77,0.19,0,0.713704896950374,0.286295103049626,-33,Solid D,-3,0,0.9993,0
CA-41,0.03518060834056208,0.2700072648436596,0.4618896318077978,0.2329224950079805,Mark Takano,D,0.61,0.331,0.615,0.363,0.59,0.38,0.350486258570972,0.649513741429028,0,-12,Solid D,-3,0,0.9996,0
CA-42,0.07934255301222402,0.41986947662949997,0.40180070499896736,0.09898726535930864,Ken Calvert,R,0.414,0.534,0.414,0.565,0.43,0.54,0.588221180320647,0.411778819679353,0,9,Solid R,3,0,0.0217,0
CA-43,0,0,0.10568029631071132,0.8943197036892886,Maxine Waters,D,0.784,0.16699999999999998,0.78,0.2,0.75,0.22,0.239157965706372,0.760842034293628,0,-29,Solid D,-3,0,1,0
CA-44,0.0015579083523016414,0.015924207348392845,0.18333698344514887,0.7991809008541566,Nanette Barragán,D,0.83,0.12300000000000001,0.847,0.136,0.81,0.16,0,1.0000000000000009,0,-35,Solid D,-3,0,1,0
CA-45,0.010380389617644701,0.1503260116611806,0.4364717097199496,0.4028218890012251,Mimi Walters,R,0.498,0.444,0.43,0.5479999999999999,0.46,0.51,0.585597516746887,0.414402483253113,0,3,Tossup,0,1,0.6511,1
CA-46,3.450048587448263e-5,0.019009947119366474,0.13988745163176783,0.8410681007629912,J. Correa,D,0.6629999999999999,0.27899999999999997,0.614,0.36200000000000004,0.58,0.39,0,1,0,-15,Solid D,-3,0,1,0
CA-47,0.004012673557845647,0.012601692480689111,0.1201307638227504,0.8632548701387149,Alan Lowenthal,D,0.626,0.31,0.6,0.375,0.58,0.39,0.362785546057941,0.637214453942059,0,-13,Solid D,-3,0,0.9998,0
CA-48,6.437980606304588e-4,0.0497424285535017,0.29776385060516247,0.6518499227807054,Dana Rohrabacher,R,0.479,0.462,0.43,0.547,0.46,0.51,0.583197352618662,0.416802647381338,0,4,Tossup,0,1,0.6139,1
CA-49,0.05759018481239375,0.18067328278919512,0.5005272870826497,0.26120924531576145,Darrell Issa,R,0.507,0.43200000000000005,0.457,0.522,0.49,0.48,0.50261320952427,0.49738679047573,0,1,Lean D,-1,1,0.9117,1
CA-50,0.13016506189821184,0.23275051236910752,0.40555250836911455,0.23153191736356615,Duncan Hunter,R,0.396,0.546,0.376,0.604,0.39,0.58,0.634512647090975,0.365487352909025,0,11,Lean R,1,1,0.0949,0
CA-51,0.12593050597609148,0.09982708500534496,0.24458481372864618,0.5296575952899174,Juan Vargas,D,0.718,0.228,0.6940000000000001,0.289,0.65,0.32,0.272458451113651,0.727541548886349,0,-22,Solid D,-3,0,1,0
CA-52,0.02828815459376173,0.13189206658989602,0.4255846239553198,0.41423515486102247,Scott Peters,D,0.581,0.35600000000000004,0.521,0.457,0.55,0.43,0.434743151539344,0.565256848460656,0,-6,Solid D,-3,0,0.9991,0
CA-53,0.005056965841406833,0.07525047045447969,0.34016013883222995,0.5795324248718835,Susan Davis,D,0.645,0.29600000000000004,0.614,0.364,0.61,0.36,0.329907461037999,0.670092538962001,0,-14,Solid D,-3,0,0.9999,0
CO-01,0.0060373181999167904,0.04931921029886717,0.29240785266281505,0.652235618838401,Diana DeGette,D,0.69,0.23199999999999998,0.69,0.28800000000000003,0.7090000000000001,0.276,0.277097689929189,0.678705980434576,0.0441963296362351,-21,Solid D,-3,0,1,0
CO-02,0.24306093067681003,0.25580242094047606,0.3570526606233826,0.1440839877593313,Jared Polis,D,0.562,0.349,0.579,0.395,0.612,0.37200000000000005,0.371739643831782,0.568922311244839,0.0593380449233784,-9,Solid D,-3,0,0.9989,0
CO-03,0.5093056254947357,0.25442216613316826,0.20245546527764885,0.03381674309444718,Scott Tipton,R,0.4,0.52,0.45799999999999996,0.518,0.484,0.499,0.545988765817286,0.403473453161051,0.0505377810216636,6,Likely R,2,1,0.3498,1
CO-04,0.3565299900889553,0.3105572692704778,0.27683534095097556,0.05607739968959138,Ken Buck,R,0.34299999999999997,0.574,0.392,0.585,0.419,0.564,0.63545253241517,0.31651541720532,0.048032050379510256,13,Solid R,3,0,0.0223,0
CO-05,0.2074757629217238,0.20468799660967132,0.47148792325334016,0.11634831721526474,Doug Lamborn,R,0.332,0.5720000000000001,0.38299999999999995,0.591,0.397,0.588,0.622580181931657,0.308400117090198,0.06901970097814496,14,Solid R,3,0,0.0159,0
CO-06,0.04156956624844765,0.12311851822591727,0.47397126144550006,0.3613406540801351,Mike Coffman,R,0.502,0.413,0.516,0.465,0.536,0.449,0.509079026717709,0.426048770379659,0.064872202902632,-2,Lean D,-1,1,0.8184,1
CO-07,0.014578220181563708,0.16935647368286658,0.5489377305440845,0.26712757559148537,Ed Perlmutter,D,0.514,0.39399999999999996,0.561,0.413,0.574,0.40700000000000003,0.397961382282257,0.551802436396785,0.050236181320958,-6,Solid D,-3,0,0.9984,0
CT-01,0.04594322395433403,0.4655968666198179,0.29685139809178795,0.19160851133406007,John Larson,D,0.594,0.363,0.633,0.35600000000000004,0.6579999999999999,0.32899999999999996,0.337697531357354,0.59765439002956,0.06464807861308616,-12,Solid D,-3,0,0.9999,0
CT-02,0.2926711263149184,0.5424770888507882,0.13576965830941515,0.029082126524878307,Joe Courtney,D,0.48700000000000004,0.45799999999999996,0.5589999999999999,0.426,0.586,0.4,0.336553048080737,0.563833620483442,0.09961333143582113,-3,Solid D,-3,0,0.9995,0
CT-03,0.012366092299609863,0.3908504018386576,0.3650397013561031,0.2317438045056295,Rosa DeLauro,D,0.5589999999999999,0.40399999999999997,0.626,0.363,0.626,0.36200000000000004,0.309607310127707,0.621483681827144,0.0689090080451485,-9,Solid D,-3,0,1,0
CT-04,0.025013488141524775,0.3959696367464602,0.25697485947637566,0.3220420156356394,James Himes,D,0.596,0.366,0.551,0.44,0.596,0.397,0.384808955795114,0.599001722268291,0.016189321936595048,-7,Solid D,-3,0,0.9989,0
CT-05,0.10371351525184146,0.5006539980323996,0.2563120916762163,0.13932039503954266,Elizabeth Esty,D,0.499,0.45799999999999996,0.535,0.45299999999999996,0.564,0.424,0.404099882878977,0.528982600086708,0.06691751703431448,-2,Solid D,-3,0,0.9718,0
DE-AL,0.18180582970915646,0.4699650688192405,0.25197096379032735,0.09625813768127571,Lisa Blunt Rochester,D,0.534,0.419,0.586,0.4,0.619,0.369,0.409616298972994,0.555234880182579,0.03514882084442751,-6,Solid D,-3,0,0.9968,0
FL-01,0.24770126435657897,0.5179305224254542,0.2290299039875847,0.005338309230382103,Matt Gaetz,R,0.282,0.675,0.301,0.685,0.32,0.6679999999999999,0.690998575243915,0.309001424756085,0,22,Solid R,3,0,1e-4,0
FL-02,0.45405628239776913,0.33119323723169536,0.15882980466359506,0.05592067570694036,Neal Dunn,R,0.306,0.662,0.34,0.6459999999999999,0.35200000000000004,0.634,0.673234079484626,0.299395390287801,0.027370530227573246,18,Solid R,3,0,3e-4,0
FL-03,0.5371385747339257,0.30021638974623543,0.1294520331233011,0.0331930023965378,Ted Yoho,R,0.402,0.562,0.419,0.5660000000000001,0.442,0.546,0.565634665888532,0.397834840968777,0.0365304931426904,9,Solid R,3,0,0.0097,0
FL-04,0.15576120359232992,0.3518236468440935,0.4584905287247771,0.03392462083879951,John Rutherford,R,0.341,0.621,0.32799999999999996,0.6609999999999999,0.348,0.642,0.701820037006117,0.276051964790486,0.022127998203396948,17,Solid R,3,0,1e-4,0
FL-05,0.06832714533187378,0.33411469709341973,0.49636499614203367,0.10119316143267283,Al Lawson,D,0.613,0.359,0.636,0.354,0.632,0.359,0.357656979470011,0.642343020529989,0,-12,Solid D,-3,0,0.9999,0
FL-06,0.19034402093147582,0.5300910945626476,0.2717095869832598,0.007855297522616805,Vacant,Vacant,0.39899999999999997,0.569,0.466,0.522,0.501,0.48700000000000004,0.5856735332035,0.4143264667965,0,7,Likely R,2,1,0.2226,0
FL-07,0.048507655566485876,0.3816375541999179,0.543807093560206,0.02604769667339024,Stephanie Murphy,D,0.514,0.441,0.494,0.494,0.511,0.48,0.485170575843689,0.51473611287837,9.33112779403656e-5,0,Likely D,-2,1,0.928,0
FL-08,0.12060512031953315,0.5508619686307725,0.3169608558421052,0.011572055207589148,Bill Posey,R,0.377,0.584,0.42100000000000004,0.5660000000000001,0.43799999999999994,0.5489999999999999,0.631099879404242,0.325498449665993,0.0434016709297651,11,Solid R,3,0,0.0118,0
FL-09,0.10045926714982233,0.45229071205320426,0.394238449543623,0.05301157125335042,Darren Soto,D,0.5479999999999999,0.419,0.556,0.434,0.546,0.445,0.425151797881452,0.574848202118548,0,-5,Solid D,-3,0,0.9987,0
FL-10,0.14305965962591718,0.5829825815074365,0.21074796997505651,0.06320978889158979,Val Demings,D,0.618,0.349,0.607,0.384,0.609,0.385,0.351313282503619,0.648686717496381,0,-11,Solid D,-3,0,1,0
FL-11,0.264831932685828,0.5294363158564233,0.20573175145774866,0,Daniel Webster,R,0.325,0.648,0.39799999999999996,0.5920000000000001,0.426,0.561,0.653670079220914,0.315953881115426,0.0303760396636595,15,Solid R,3,0,6e-4,0
FL-12,0.047631850915602174,0.502126194745031,0.4164365826828093,0.03380537165655758,Gus Bilirakis,R,0.38799999999999996,0.574,0.455,0.53,0.474,0.512,0.685908204366609,0.314091795633391,0,8,Solid R,3,0,0.0051,0
FL-13,0,0.08195243289182585,0.7036242752250546,0.21442329188311954,Charlie Crist,D,0.496,0.46399999999999997,0.546,0.439,0.555,0.43,0.480969081783488,0.519030918216512,0,-2,Solid D,-3,0,0.9977,0
FL-14,0.011885598023758015,0.166410704106716,0.5625891676236544,0.25911453024587155,Kathy Castor,D,0.5720000000000001,0.39,0.5760000000000001,0.41200000000000003,0.581,0.409,0.382129343562329,0.617870656437671,0,-7,Solid D,-3,0,1,0
FL-15,0.04956133767611402,0.4499040714580061,0.47165331857073506,0.028881272295144898,Dennis Ross,R,0.431,0.531,0.466,0.522,0.467,0.521,0.57461205624321,0.42538794375679,0,6,Lean R,1,1,0.2926,1
FL-16,0.04203327507117999,0.45616984716787834,0.44849077934290094,0.05330609841804077,Vern Buchanan,R,0.43,0.537,0.451,0.537,0.47700000000000004,0.512,0.597679287720644,0.402320712279356,0,7,Lean R,1,1,0.1259,0
FL-17,0.30593245926285717,0.5684575954347363,0.12560994530240657,0,Thomas Rooney,R,0.35,0.622,0.413,0.5760000000000001,0.439,0.547,0.618138333210305,0.342434487340371,0.0394271794493246,13,Solid R,3,0,0.0021,0
FL-18,0.08115479626728689,0.4229525344961677,0.47831712083331285,0.017575548403232586,Brian Mast,R,0.441,0.5329999999999999,0.47700000000000004,0.514,0.512,0.479,0.535989231694146,0.430726913848233,0.033283854457621075,5,Likely R,2,1,0.1156,0
FL-19,0.052932084014077604,0.5461209367366403,0.37276887269251335,0.028178106556768806,Francis Rooney,R,0.375,0.596,0.387,0.605,0.423,0.568,0.658720805361735,0.340923985174824,3.552094634409604e-4,13,Solid R,3,0,0.0055,0
FL-20,0.051275742399178835,0.08109345802109384,0.47876438789479114,0.38886641168493613,Alcee Hastings,D,0.802,0.18100000000000002,0.825,0.171,0.809,0.18600000000000003,0.196879953883845,0.803120046116155,0,-31,Solid D,-3,0,1,0
FL-21,0.008764257890690887,0.14665980173396478,0.5768421718480655,0.26773376852727876,Lois Frankel,D,0.586,0.391,0.604,0.389,0.634,0.359,0.351448962517232,0.627062981411953,0.021488056070815,-9,Solid D,-3,0,1,0
FL-22,0.0031505144520819653,0.047408128836795405,0.5819925175268059,0.36744883918431676,Theodore Deutch,D,0.568,0.41,0.563,0.43,0.583,0.41,0.410646736717478,0.589353263282522,0,-6,Solid D,-3,0,0.9991,0
FL-23,8.647630121424157e-5,0.13749557048792893,0.40207082204228706,0.46034713116856973,Debbie Wasserman Schultz,D,0.619,0.358,0.614,0.38,0.62,0.373,0.404858875959396,0.567049393414211,0.0280917306263927,-11,Solid D,-3,0,0.9997,0
FL-24,0.0018305910433756725,0.0423501459913232,0.42215965557834517,0.533659607386956,Frederica Wilson,D,0.8290000000000001,0.154,0.857,0.139,0.84,0.156,0,0,0,-34,Solid D,-3,0,1,0
FL-25,0.09349835988575025,0.1843672181272744,0.26029800749694676,0.4618364144900285,Mario Diaz-Balart,R,0.479,0.49700000000000005,0.449,0.545,0.406,0.588,0.623602116569262,0.376397883430738,0,4,Likely R,2,1,0.2555,1
FL-26,0.07611839849160014,0.17734452425870473,0.3927958929304996,0.3537411843191956,Carlos Curbelo,R,0.568,0.405,0.5539999999999999,0.439,0.515,0.479,0.529500039209815,0.411678108803673,0.0588218519865118,-6,Tossup,0,1,0.446,1
FL-27,0.008607372532453621,0.080661674818654,0.36162573851940033,0.5491052141294921,Ileana Ros-Lehtinen,R,0.585,0.389,0.53,0.46299999999999997,0.501,0.493,0.548938566517309,0.451061433482691,0,-5,Tossup,0,1,0.8332,1
GA-01,0.4280775706664675,0.3971933530968808,0.1442118093506365,0.0305172668860151,Earl Carter,R,0.409,0.564,0.43,0.5589999999999999,0.444,0.55,0.995883701542309,0,0.0041162984576907,9,Solid R,3,0,0.0015,0
GA-02,0.4824228304917487,0.31470960423730815,0.20151486145176056,0.0013527038191825376,Sanford Bishop,D,0.55,0.433,0.586,0.408,0.579,0.41600000000000004,0.387701515669891,0.612298484330109,0,-6,Solid D,-3,0,0.9992,0
GA-03,0.3892822563314031,0.5498076031971308,0.05984045078079258,0.0010696896906733514,A. Ferguson,R,0.32799999999999996,0.643,0.33,0.659,0.34,0.653,0.683465979741876,0.316534020258125,0,18,Solid R,3,0,0,0
GA-04,0.030850656482273784,0.48560100074430224,0.4212830512829708,0.06226529149045324,Henry Johnson,D,0.753,0.222,0.736,0.256,0.732,0.263,0.24280540278394,0.75719459721606,0,-24,Solid D,-3,0,1,0
GA-05,0.003408143069852473,0.22582427838462413,0.5490514913026844,0.22171608724283892,John Lewis,D,0.85,0.11900000000000001,0.831,0.158,0.8440000000000001,0.15,0.155608569650872,0.844391430349128,0,-34,Solid D,-3,0,1,0
GA-06,0,0.24802553339175512,0.6486931517421584,0.10328131486608655,Karen Handel,R,0.46799999999999997,0.483,0.375,0.608,0.401,0.59,0.616824895323691,0.383175104676309,0,8,Lean R,1,1,0.1172,0
GA-07,0,0.6355736287405154,0.34812934358992265,0.01629702766956194,Rob Woodall,R,0.44799999999999995,0.511,0.38299999999999995,0.602,0.391,0.601,0.603816844201026,0.396183155798974,0,9,Lean R,1,1,0.2768,1
GA-08,0.5536236839289838,0.34173506609687265,0.10464124997414366,0,Austin Scott,R,0.344,0.633,0.375,0.616,0.37799999999999995,0.616,0.676429193493204,0.323570806506796,0,15,Solid R,3,0,0,0
GA-09,0.6050571760649693,0.3854373852147294,0.009505438720301244,0,Doug Collins,R,0.193,0.778,0.205,0.7809999999999999,0.243,0.747,1,0,0,31,Solid R,3,0,0,0
GA-10,0.49316974095493543,0.4439136972224461,0.06291656182261857,0,Jody Hice,R,0.358,0.613,0.363,0.625,0.38799999999999996,0.604,0.996377922497353,0,0.00362207750264706,15,Solid R,3,0,1e-4,0
GA-11,0.12214493624957266,0.5158703080941186,0.31689199284464503,0.045092762811663606,Barry Loudermilk,R,0.353,0.603,0.315,0.669,0.34700000000000003,0.643,0.674057738820604,0.325942261179396,0,17,Solid R,3,0,4e-4,0
GA-12,0.5297614753330299,0.3234751261918965,0.14676339847507375,0,Rick Allen,R,0.40700000000000003,0.569,0.436,0.5539999999999999,0.439,0.556,0.616008527994068,0.383991472005933,0,9,Solid R,3,0,0.0116,0
GA-13,0.033993345610636876,0.7030958697727215,0.2573617740613719,0.005549010555269742,David Scott,D,0.71,0.266,0.6920000000000001,0.3,0.6709999999999999,0.32299999999999995,0,1,0,-20,Solid D,-3,0,1,0
GA-14,0.4301605237075439,0.55711779995845,0.012721676334006091,0,Tom Graves,R,0.221,0.75,0.253,0.732,0.278,0.71,0.999032048416016,0,9.67951583983628e-4,27,Solid R,3,0,0,0
HI-01,0.013544256926596422,0.1394626879158561,0.3172575811242712,0.5297354740332763,Colleen Hanabusa,D,0.631,0.305,0.6970000000000001,0.29,0.703,0.28300000000000003,0.227113467782187,0.718616109153624,0.0542704230641885,-17,Solid D,-3,0,1,0
HI-02,0.3766244932403611,0.276290882780123,0.23984815853510952,0.10723646544440643,Tulsi Gabbard,D,0.614,0.29600000000000004,0.7140000000000001,0.267,0.7340000000000001,0.249,0.188432233179426,0.811567766820574,0,-19,Solid D,-3,0,1,0
IA-01,0.40831488928374743,0.35269049326142754,0.2187204505543606,0.020274166900464477,Rod Blum,R,0.452,0.48700000000000004,0.562,0.425,0.585,0.40399999999999997,0.53744249656473,0.460814542167454,0.001742961267816,-1,Lean D,-1,1,0.9685,1
IA-02,0.41180019569446397,0.33390657974291577,0.20958902873408372,0.04470419582853658,David Loebsack,D,0.45,0.491,0.5579999999999999,0.42700000000000005,0.5710000000000001,0.41600000000000004,0.461941129415834,0.536631966965019,0.00142690361914645,-1,Solid D,-3,0,0.9857,0
IA-03,0.24217232615848575,0.313844659806374,0.3876190190879905,0.05636399494714978,David Young,R,0.45,0.485,0.514,0.47200000000000003,0.524,0.46299999999999997,0.534473349099509,0.397148764883278,0.06837788601721292,1,Tossup,0,1,0.5334,1
IA-04,0.5671806196388292,0.2975184967796784,0.08778172878759564,0.04751915479389679,Steve King,R,0.335,0.609,0.45299999999999996,0.534,0.485,0.502,0.612325426255675,0.386197229506913,0.00147734423741219,11,Likely R,2,1,0.0985,0
ID-01,0.3969393414077803,0.3575989307471234,0.2454617278450962,0,Raúl Labrador,R,0.254,0.637,0.322,0.649,0.35100000000000003,0.625,0.68171444491033,0.318136409301069,1.49145788601322e-4,21,Solid R,3,0,0.0059,0
ID-02,0.4260461341588136,0.19983701337371218,0.3037796156634705,0.07033723680400376,Michael Simpson,R,0.298,0.545,0.331,0.6409999999999999,0.371,0.605,0.629272584041663,0.294080683674752,0.0766467322835852,17,Solid R,3,0,0.0016,0
IL-01,0.023867337938484466,0.13447018885662201,0.2992992395125151,0.5423632336923785,Bobby Rush,D,0.754,0.214,0.789,0.20199999999999999,0.8079999999999999,0.185,0.259027676643597,0.740946995839956,2.5327516447056e-5,-27,Solid D,-3,0,1,0
IL-02,0.07892879729746745,0.2943541176441443,0.3784194618880093,0.248297623170379,Robin Kelly,D,0.78,0.191,0.807,0.185,0.8109999999999999,0.182,0.201923795166405,0.798076204833595,0,-29,Solid D,-3,0,1,0
IL-03,0.00475378405981538,0.1832737789830284,0.33992209325013406,0.4720503437070221,Daniel Lipinski,D,0.552,0.39899999999999997,0.5589999999999999,0.426,0.583,0.40399999999999997,0,0.999596292993687,4.03707006312913e-4,-6,Solid D,-3,0,0.9998,0
IL-04,0,0.015726707196775217,0.07213234046446257,0.9121409523387622,Luis Gutiérrez,D,0.821,0.132,0.809,0.171,0.805,0.182,0,1,0,-33,Solid D,-3,0,1,0
IL-05,0,0.039229703865506164,0.17070000529756035,0.7900702908369335,Mike Quigley,D,0.705,0.239,0.66,0.318,0.6990000000000001,0.28800000000000003,0.27483393046117,0.678437097576214,0.04672897196261679,-20,Solid D,-3,0,1,0
IL-06,0.007291454321167509,0.4258214986530301,0.49758056160420433,0.06930648542159812,Peter Roskam,R,0.502,0.43200000000000005,0.451,0.5329999999999999,0.513,0.473,0.592240150392167,0.407759849607833,0,2,Tossup,0,1,0.2935,1
IL-07,0,0.013922338626604573,0.13655968045305655,0.8495179809203389,Danny Davis,D,0.8740000000000001,0.092,0.872,0.11800000000000001,0.894,0.099,0.157604566572314,0.842395433427686,0,-38,Solid D,-3,0,1,0
IL-08,0.004088121233638517,0.16435668722603347,0.6114154232865764,0.22013976825375153,Raja Krishnamoorthi,D,0.581,0.364,0.574,0.409,0.615,0.371,0.416850718708136,0.583149281291864,0,-8,Solid D,-3,0,0.9997,0
IL-09,0,0.016691115690529102,0.387571527018859,0.5957373572906118,Janice Schakowsky,D,0.701,0.249,0.65,0.33299999999999996,0.6859999999999999,0.303,0.335068573595801,0.664650036091366,2.813903128326212e-4,-18,Solid D,-3,0,1,0
IL-10,0.013655364339758308,0.37564122205693506,0.47251635065492964,0.13818706294837693,Bradley Schneider,D,0.62,0.326,0.575,0.41100000000000003,0.63,0.359,0.473905229443769,0.526003860193849,9.09103623826907e-5,-10,Solid D,-3,0,0.9997,0
IL-11,0.010981799693791856,0.24265664116298302,0.6143685695543536,0.1319929895888714,Bill Foster,D,0.589,0.354,0.578,0.406,0.613,0.375,0.395521331915681,0.604478668084319,0,-9,Solid D,-3,0,0.9996,0
IL-12,0.36522305605368166,0.40703099610967075,0.21653426391039646,0.011211683926251138,Mike Bost,R,0.402,0.55,0.49700000000000005,0.48100000000000004,0.547,0.436,0.543050843125603,0.396949540258529,0.0599996166158683,5,Tossup,0,1,0.36870000000000003,1
IL-13,0.2954437281132217,0.341184718310264,0.26508465136268317,0.09828690221383117,Rodney Davis,R,0.442,0.49700000000000005,0.486,0.489,0.546,0.436,0.596649427151918,0.403350572848082,0,3,Lean R,1,1,0.281,1
IL-14,0.1464930891330304,0.6397128949451967,0.21379401592177302,0,Randy Hultgren,R,0.44799999999999995,0.48700000000000004,0.442,0.542,0.507,0.48,0.593048740450226,0.406951259549774,0,5,Lean R,1,1,0.3243,1
IL-15,0.5858702028577805,0.36602563909689084,0.04810415804532874,0,John Shimkus,R,0.245,0.7070000000000001,0.341,0.639,0.428,0.5539999999999999,1,0,0,21,Solid R,3,0,1e-4,0
IL-16,0.43785181169644233,0.35344342652594024,0.18413863120273474,0.024566130574882692,Adam Kinzinger,R,0.38299999999999995,0.555,0.452,0.529,0.5,0.48200000000000004,0.999495868818139,0,5.04131181860513e-4,8,Solid R,3,0,0.0132,0
IL-17,0.31660001241713187,0.2822465701866428,0.34790255193039354,0.05325086546583187,Cheri Bustos,D,0.467,0.474,0.5760000000000001,0.406,0.6,0.385,0.396919893544387,0.603080106455613,0,-2,Solid D,-3,0,0.9993,0
IL-18,0.4523906064621479,0.34469506069256256,0.18469759330581811,0.01821673953947147,Darin LaHood,R,0.33299999999999996,0.606,0.374,0.607,0.441,0.544,0.721331018218571,0.278648825309618,2.01564718111742e-5,15,Solid R,3,0,2e-4,0
IN-01,0.10738575613974419,0.43346681984340835,0.3967894165901006,0.062358007426746964,Peter Visclosky,D,0.541,0.415,0.612,0.374,0.633,0.358,0,0.815117270202645,0.18488272979735465,-8,Solid D,-3,0,0.9999,0
IN-02,0.3210626327015903,0.43446268735983296,0.2327002568203114,0.011774423118265343,Jackie Walorski,R,0.361,0.593,0.42100000000000004,0.561,0.496,0.493,0.592575633569731,0.369202868505212,0.0382214979250569,11,Likely R,2,1,0.0471,0
IN-03,0.3690540785741073,0.38113060753584765,0.22541316317445534,0.02440215071558966,Jim Banks,R,0.301,0.6509999999999999,0.35700000000000004,0.625,0.43,0.56,0.701124815924971,0.2298474831765,0.0690277008985298,18,Solid R,3,0,0.0024,0
IN-04,0.4373927423716805,0.31899959797183197,0.20722924700182171,0.03637841265466579,Todd Rokita,R,0.302,0.643,0.369,0.609,0.446,0.542,0.645925312422771,0.304761650313592,0.0493130372636374,17,Solid R,3,0,0.0046,0
IN-05,0.16883288207738084,0.4683303609399551,0.3433901887736565,0.01944656820900759,Susan Brooks,R,0.413,0.531,0.40700000000000003,0.575,0.466,0.526,0.614609495064173,0.342943774488765,0.0424467304470627,9,Solid R,3,0,0.0075,0
IN-06,0.5412813807149759,0.26875490509866157,0.17329110428900116,0.0166726098973614,Luke Messer,R,0.27399999999999997,0.677,0.373,0.604,0.436,0.55,0.691398012719942,0.267000691667932,0.0416012956121261,18,Solid R,3,0,5e-4,0
IN-07,0,0.24911197315569872,0.6338065750458303,0.11708145179847106,André Carson,D,0.59,0.36200000000000004,0.629,0.353,0.6629999999999999,0.32799999999999996,0.356882155136585,0.599761967733404,0.043355877130011,-11,Solid D,-3,0,0.9999,0
IN-08,0.45585533184184707,0.32471335268389473,0.20226618753919764,0.017165127935060597,Larry Bucshon,R,0.309,0.6459999999999999,0.396,0.584,0.48100000000000004,0.506,0.636897591894487,0.316769195793874,0.0463332123116388,15,Solid R,3,0,0.0049,0
IN-09,0.4358444097325321,0.27093590464132644,0.2676314450468952,0.02558824057924629,Trey Hollingsworth,R,0.342,0.611,0.40700000000000003,0.5720000000000001,0.462,0.527,0.541411769807616,0.404614626923923,0.0539736032684618,13,Solid R,3,0,0.1862,0
KS-01,0.5634727315901189,0.26562539802001023,0.16038478925975014,0.0105170811301207,Roger Marshall,R,0.243,0.693,0.276,0.701,0.31,0.672,0.658957789829089,0,0,24,Solid R,3,0,3e-4,0
KS-02,0.5017906438950928,0.2529874721501521,0.2062750105459486,0.03894687340880649,Lynn Jenkins,R,0.374,0.5579999999999999,0.42200000000000004,0.5539999999999999,0.45299999999999996,0.528,0.609372530690885,0.32562096294229,0.0650065063668246,10,Tossup,0,1,0.4796,1
KS-03,0.06232314231248146,0.2460484150526936,0.6236897811974011,0.06793866143742378,Kevin Yoder,R,0.47200000000000003,0.46,0.44299999999999995,0.5379999999999999,0.488,0.499,0.51301466280788,0.405988697601082,0.0809966395910385,4,Lean D,-1,1,0.5111,1
KS-04,0.2707275513298658,0.2997331031927322,0.3994468018592963,0.030092543618105615,Ron Estes,R,0.33,0.602,0.361,0.616,0.395,0.586,0.606711692237267,0.296075218618643,0.0972130891440903,15,Solid R,3,0,0.0156,0
KY-01,0.7407021884110967,0.2052840585896953,0.051275046966665606,0.0027387060325423864,James Comer,R,0.239,0.7240000000000001,0.321,0.664,0.369,0.616,0.725612957816195,0.273276678004421,0.00111036417938402,23,Solid R,3,0,1e-4,0
KY-02,0.5660132196326626,0.2991634787130713,0.12693869367962932,0.007884607974636864,Brett Guthrie,R,0.276,0.675,0.35100000000000003,0.633,0.37200000000000005,0.615,1,0,0,19,Solid R,3,0,7e-4,0
KY-03,0.005368151563667142,0.22087004838760801,0.6024645244187665,0.17129727562995833,John Yarmuth,D,0.5489999999999999,0.39899999999999997,0.557,0.428,0.562,0.428,0.365008041997764,0.634991958002236,0,-6,Solid D,-3,0,0.9964,0
KY-04,0.36457373715445107,0.3754880606272417,0.20982314347831704,0.05011505873999016,Thomas Massie,R,0.293,0.652,0.348,0.634,0.37,0.615,0.713205096543461,0.286794903456539,0,18,Solid R,3,0,5e-4,0
KY-05,0.888434138413143,0.10680881033901878,0.004757051247838241,0,Harold Rogers,R,0.175,0.7959999999999999,0.23199999999999998,0.75,0.316,0.6659999999999999,1,0,0,31,Solid R,3,0,0,0
KY-06,0.303170031058145,0.283731884017531,0.29790916593789313,0.1151889189864308,Andy Barr,R,0.39399999999999996,0.547,0.42200000000000004,0.5579999999999999,0.44799999999999995,0.537,0.61089028404574,0.38910971595426,0,9,Tossup,0,1,0.384,1
LA-01,0.25608277119039136,0.3122466459126991,0.23797489838005262,0.19369568451685695,Steve Scalise,R,0.267,0.687,0.26899999999999996,0.7090000000000001,0.253,0.727,0.745575112917243,0.19518770579090988,0.05923718129184672,24,Solid R,3,0,0,0
LA-02,0.11285307303109923,0.18721538099434204,0.41874391357218205,0.28118763240237665,Cedric Richmond,D,0.746,0.222,0.758,0.228,0.7340000000000001,0.254,0,1.0000000000000009,0,-25,Solid D,-3,0,1,0
LA-03,0.3775152144931156,0.3768208458323781,0.23630314019730744,0.009360799477198898,Clay Higgins,R,0.292,0.6729999999999999,0.32299999999999995,0.6609999999999999,0.341,0.642,0.807079955313399,0.1754229936277905,0.01749705105881031,20,Solid R,3,0,5e-4,0
LA-04,0.5111155430379403,0.28811310662035206,0.20077135034170765,0,Mike Johnson,R,0.366,0.606,0.397,0.59,0.39899999999999997,0.589,0.6984632061122092,0.28180848645908,0.01972830742871127,13,Solid R,3,0,0.0012,0
LA-05,0.6284403900446176,0.29053246070826716,0.08102714924711532,0,Ralph Abraham,R,0.341,0.635,0.377,0.61,0.36700000000000005,0.62,1,0,0,15,Solid R,3,0,4e-4,0
LA-06,0.24045588564523035,0.4929115476700721,0.2510527976416728,0.015579769043024716,Garret Graves,R,0.31,0.648,0.32,0.6609999999999999,0.309,0.675,0.728107690170282,0.239210143220436,0.03268216660928184,19,Solid R,3,0,1e-4,0
MA-01,0.18894333975633743,0.37079273257010353,0.2967396686833236,0.14352425899023546,Richard Neal,D,0.5720000000000001,0.365,0.64,0.34299999999999997,0.6409999999999999,0.337,0,0.733357384329739,0.266642615670261,-12,Solid D,-3,0,1,0
MA-02,0.21929476896702293,0.43584125820713954,0.19360360406002047,0.15126036876581703,James McGovern,D,0.562,0.368,0.5870000000000001,0.392,0.604,0.375,0,0.982440061195887,0.0175599388041125,-9,Solid D,-3,0,1,0
MA-03,0.06233101205565584,0.4581211918632091,0.22951449578789593,0.2500333002932391,Niki Tsongas,D,0.5820000000000001,0.354,0.569,0.414,0.588,0.39399999999999996,0.312018270882667,0.6869370153689,0.00104471374843293,-9,Solid D,-3,0,0.9992,0
MA-04,0.04711398598788764,0.5655379471483378,0.21974343551845568,0.16760463134531886,Joseph Kennedy,D,0.5920000000000001,0.35,0.5720000000000001,0.413,0.604,0.379,0.298130602062693,0.700985989404372,8.83408532935316e-4,-9,Solid D,-3,0,1,0
MA-05,0.0056646297094550884,0.20965832162985035,0.2962055717512884,0.4884714769094061,Katherine Clark,D,0.693,0.257,0.652,0.331,0.662,0.321,0,0.985504145862591,0.0144958541374087,-18,Solid D,-3,0,1,0
MA-06,0.010771742918334114,0.49721822023246687,0.29383644961753874,0.19817358723166034,Seth Moulton,D,0.561,0.382,0.547,0.439,0.569,0.414,0,0.98365891324768,0.0163410867523205,-6,Solid D,-3,0,0.9998,0
MA-07,0.0015154205389533305,0.012051942900645206,0.10687826994685493,0.8795543666135465,Michael Capuano,D,0.841,0.11900000000000001,0.825,0.156,0.8190000000000001,0.16699999999999998,0,0.986154738411357,0.0138452615886435,-34,Solid D,-3,0,1,0
MA-08,0.006948774489120318,0.34386846967821066,0.3413498651627264,0.30783289066994257,Stephen Lynch,D,0.604,0.344,0.578,0.408,0.579,0.405,0.274522063243958,0.724136641149987,0.00134129560605453,-10,Solid D,-3,0,1,0
MA-09,0.10540595459113643,0.6462417205262085,0.10821515088377363,0.14013717399888137,William Keating,D,0.525,0.418,0.555,0.431,0.578,0.406,0.336416641440398,0.557496150252043,0.10608720830755868,-4,Solid D,-3,0,0.9942,0
MD-01,0.40373214746263486,0.40491573967962863,0.17907158706862653,0.01228052578911007,Andy Harris,R,0.33399999999999996,0.62,0.377,0.604,0.384,0.596,0.669914415198138,0.286171937353803,0.0439136474480595,14,Solid R,3,0,0.0051,0
MD-02,0.0159779876908006,0.2148945265786339,0.4459080716198266,0.32321941411073885,C. Ruppersberger,D,0.601,0.35700000000000004,0.631,0.35,0.606,0.375,0.33144952824092,0.62098681659558,0.04756365516350005,-11,Solid D,-3,0,0.9999,0
MD-03,0.0066725866929815535,0.25478614178992953,0.4056616885115761,0.3328795830055128,John Sarbanes,D,0.628,0.32299999999999995,0.607,0.371,0.601,0.38,0.33870022815927,0.631898137925959,0.02940163391477146,-13,Solid D,-3,0,0.9999,0
MD-04,0.004915900895457196,0.260282431513996,0.4525428937549922,0.2822587738355547,Anthony Brown,D,0.772,0.19699999999999998,0.7809999999999999,0.20800000000000002,0.773,0.218,0.214158740059255,0.740686106346484,0.045155153594261664,-28,Solid D,-3,0,1,0
MD-05,0.21523551140363978,0.5008001154206413,0.23365433617431403,0.05031003700140496,Steny Hoyer,D,0.6409999999999999,0.321,0.6609999999999999,0.324,0.6509999999999999,0.336,0.293735476965566,0.673782838001963,0.03248168503247059,-16,Solid D,-3,0,1,0
MD-06,0.1948800428925299,0.27340344286092383,0.3140775140107534,0.2176390002357928,John Delaney,D,0.5529999999999999,0.402,0.552,0.428,0.563,0.42,0.400878987146545,0.559593701897443,0.03952731095601151,-6,Solid D,-3,0,0.9922,0
MD-07,0.0801464318700606,0.12167569723462307,0.2571947029878029,0.5409831679075134,Elijah Cummings,D,0.758,0.20199999999999999,0.762,0.223,0.762,0.22399999999999998,0.218104053782862,0.748915061208108,0.03298088500903065,-26,Solid D,-3,0,1,0
MD-08,0.10149471446531481,0.23601601040567113,0.33669603608683457,0.32579323904217944,Jamie Raskin,D,0.65,0.306,0.62,0.36,0.628,0.35600000000000004,0.342143257100822,0.605661444209001,0.05219529869017688,-14,Solid D,-3,0,0.9999,0
ME-01,0.45050165937494163,0.38520768958741525,0.10025302379472326,0.06403762724291982,Chellie Pingree,D,0.541,0.39299999999999996,0.596,0.382,0.607,0.375,0.419400546903471,0.579896073049586,7.03380046942973e-4,-8,Solid D,-3,0,0.9973,0
ME-02,0.8044784565072262,0.1298107130981461,0.03890941143535817,0.026801418959269567,Bruce Poliquin,R,0.41100000000000003,0.514,0.53,0.444,0.546,0.434,0.547664140517856,0.451699826510649,6.36032971494933e-4,2,Tossup,0,1,0.3548,1
MI-01,0.7092641064502747,0.2377709981964908,0.04081090863925227,0.012153986713982278,Jack Bergman,R,0.366,0.579,0.45299999999999996,0.536,0.49700000000000005,0.484,0.548967305167499,0.400626195280775,0.050406499551726304,9,Likely R,2,1,0.1556,0
MI-02,0.2820747253426224,0.40958189462427474,0.2983166219916667,0.010026758041436115,Bill Huizenga,R,0.382,0.5579999999999999,0.431,0.56,0.48,0.503,0.626261316484346,0.325322401923802,0.048416281591852135,9,Solid R,3,0,0.0416,0
MI-03,0.31231870247425736,0.346141515082057,0.2379667119986612,0.10357307044502442,Justin Amash,R,0.42200000000000004,0.516,0.45799999999999996,0.531,0.49700000000000005,0.486,0.594526309640296,0.375038336278533,0.0304353540811707,6,Likely R,2,1,0.0134,0
MI-04,0.7236829406412162,0.1834027870794449,0.09291427227933888,0,John Moolenaar,R,0.34700000000000003,0.595,0.455,0.535,0.496,0.486,0.616219742771994,0,0.3837802572280058,10,Solid R,3,0,0.0024,0
MI-05,0.23143102108291175,0.4123307833494856,0.3090951442186685,0.047143051348934206,Daniel Kildee,D,0.49700000000000005,0.455,0.607,0.38299999999999995,0.63,0.353,0.351096648511859,0.611601955582838,0.0373013959053026,-5,Solid D,-3,0,0.9994,0
MI-06,0.45780795925229895,0.37261053867952626,0.14449706329474646,0.025084438773428353,Fred Upton,R,0.429,0.513,0.488,0.502,0.531,0.452,0.586406323487021,0.364055649113225,0.04953802739975421,4,Likely R,2,1,0.1153,0
MI-07,0.5207751854101802,0.32519719675655706,0.13815506707091707,0.01587255076234564,Tim Walberg,R,0.387,0.557,0.479,0.51,0.508,0.474,0.550529110801148,0.40026044855693,0.0492104406419221,7,Likely R,2,1,0.3474,1
MI-08,0.20741451806745398,0.4275810794406151,0.32975223744069443,0.035252165051236586,Mike Bishop,R,0.439,0.506,0.48,0.511,0.52,0.46399999999999997,0.560345861219507,0.391835255390116,0.04781888339037739,4,Tossup,0,1,0.5203,1
MI-09,1.466339147947608e-4,0.07055121971870881,0.5792798625501164,0.35002228381638,Sander Levin,D,0.515,0.43700000000000006,0.5720000000000001,0.419,0.581,0.401,0.373974331085491,0.57910521354506606,0.0469204553694439,-4,Solid D,-3,0,0.9943,0
MI-10,0.36064466062034056,0.3008094766990794,0.3105881255587248,0.027957737121855106,Paul Mitchell,R,0.316,0.638,0.43700000000000006,0.5529999999999999,0.48,0.5,0.63091708384289,0.322925189818847,0.0461577263382632,13,Solid R,3,0,0.0014,0
MI-11,0.011308583611517278,0.4172824083970437,0.5145539102316602,0.056855097759778754,David Trott,R,0.45299999999999996,0.49700000000000005,0.469,0.523,0.502,0.483,0.529323720381145,0.401754469179526,0.0689218104393288,4,Lean D,-1,1,0.8014,1
MI-12,0.0203923939316225,0.27150252160916816,0.4481451128322844,0.2599599716269248,Debbie Dingell,D,0.608,0.345,0.662,0.32799999999999996,0.669,0.314,0.292516634098532,0.643381972472317,0.06410139342915067,-14,Solid D,-3,0,1,0
MI-13,4.119697681741515e-4,0.06748208407757181,0.5949335741698858,0.33717237198436817,Vacant,Vacant,0.7879999999999999,0.18100000000000002,0.852,0.14300000000000002,0.848,0.142,0.157259394019325,0.771036901127631,0.07170370485304327,-32,Solid D,-3,0,1,0
MI-14,1.241603164126913e-4,0.10320658829750269,0.5475563810336547,0.34911287035243,Brenda Lawrence,D,0.792,0.183,0.81,0.18600000000000003,0.8220000000000001,0.171,0.186841986789892,0.785065632496607,0.028092380713500203,-30,Solid D,-3,0,1,0
MN-01,0.44614338417013705,0.3229836821279237,0.2070678223656579,0.023805111336281357,Timothy Walz,D,0.384,0.5329999999999999,0.496,0.48200000000000004,0.508,0.467,0.495794591472474,0.503380701864075,8.24706663451204e-4,5,Tossup,0,1,0.3244,1
MN-02,0.16964530879504908,0.4181830972861262,0.3836278144071986,0.02854377951162615,Jason Lewis,R,0.45299999999999996,0.465,0.491,0.49,0.505,0.47600000000000003,0.469536913584912,0.451575379067998,0.07888770734709079,2,Lean D,-1,1,0.8238,1
MN-03,0.057791798530871616,0.3856069295367815,0.5328609612262372,0.023740310706109737,Erik Paulsen,R,0.508,0.414,0.496,0.488,0.51,0.474,0.566956570359677,0.430135920948295,0.00290750869202773,-1,Lean D,-1,1,0.8126,1
MN-04,0.020673451651063726,0.22900215413377012,0.4717570802192628,0.2785673139959033,Betty McCollum,D,0.615,0.306,0.625,0.355,0.626,0.355,0.343895619757689,0.57764587548019,0.07845850476212131,-14,Solid D,-3,0,0.9998,0
MN-05,4.1975500328490746e-4,0.017178221079450044,0.43714171710722616,0.5452603068100388,Keith Ellison,D,0.737,0.185,0.735,0.24,0.7340000000000001,0.245,0.222890334418402,0.690733443498157,0.0863762220834416,-26,Solid D,-3,0,1,0
MN-06,0.33416307070787427,0.5166824984117911,0.1491544308803345,0,Tom Emmer,R,0.332,0.589,0.415,0.565,0.43200000000000005,0.547,0.655793427020762,0.342713220626094,0.0014933523531444,12,Solid R,3,0,0.0012,0
MN-07,0.6950337507145594,0.24687820259259277,0.0580880466928478,0,Collin Peterson,D,0.31,0.618,0.441,0.539,0.47100000000000003,0.504,0.474393074765451,0.52467900667376,9.27918560789245e-4,12,Likely D,-2,1,0.8723,0
MN-08,0.6335881424402249,0.29562988847446253,0.049264021264226354,0.021517947821086257,Richard Nolan,D,0.386,0.542,0.517,0.462,0.531,0.445,0.496076800035856,0.50170458206225,0.00221861790189339,4,Tossup,0,1,0.3963,1
MO-01,0.0028024439718590945,0.10127251685934525,0.5102191214226975,0.38570591774609814,Wm. Clay,D,0.77,0.188,0.799,0.18899999999999997,0.8029999999999999,0.18600000000000003,0.199710850126105,0.754697093215805,0.0455920566580898,-29,Solid D,-3,0,1,0
MO-02,0.014904007582287004,0.2946119437038177,0.6381671566265739,0.05231689208732142,Ann Wagner,R,0.423,0.526,0.414,0.5710000000000001,0.46399999999999997,0.526,0.585425457783284,0.376700960086717,0.03787358212999882,8,Lean R,1,1,0.1041,0
MO-03,0.40156175563275637,0.3789571805267623,0.21948106384048127,0,Blaine Luetkemeyer,R,0.281,0.6709999999999999,0.361,0.62,0.428,0.5579999999999999,0.678367129744009,0.279342334246456,0.042290536009534814,18,Solid R,3,0,1e-4,0
MO-04,0.5403157770497815,0.3708105340854164,0.07805020511624906,0.010823483748552944,Vicky Hartzler,R,0.293,0.653,0.364,0.612,0.419,0.565,0.678280970641175,0.278448322567829,0.0432707067909967,17,Solid R,3,0,4e-4,0
MO-05,0.10870492967822316,0.2697935312039835,0.5237176139286346,0.09778392518915882,Emanuel Cleaver,D,0.541,0.406,0.589,0.39399999999999996,0.62,0.368,0.381691183273198,0.588293705862399,0.0300151108644031,-7,Solid D,-3,0,0.9989,0
MO-06,0.4108018904769342,0.40719276636222657,0.18200534316083924,0,Sam Graves,R,0.317,0.631,0.379,0.6,0.431,0.5529999999999999,0.680245631256349,0.284473410873064,0.035280957870587,16,Solid R,3,0,3e-4,0
MO-07,0.40916756127163995,0.380740819914189,0.18698061274923236,0.023111006064938638,Billy Long,R,0.247,0.7040000000000001,0.303,0.6759999999999999,0.353,0.631,0.6753906446116,0.27393408878139,0.05067526660701053,23,Solid R,3,0,1e-4,0
MO-08,0.6591292196152558,0.3172462646455746,0.02362451573916954,0,Jason Smith,R,0.21,0.754,0.32,0.659,0.38299999999999995,0.6,0.743974021517074,0.226660968494938,0.0293650099879885,24,Solid R,3,0,0,0
MS-01,0.6180437163616738,0.3346196514839267,0.047336632154399594,0,Trent Kelly,R,0.324,0.654,0.37,0.619,0.366,0.624,0.687214361084205,0.2794293379668,0.0333563009489953,16,Solid R,3,0,0.001,0
MS-02,0.4895270771618171,0.35209054950030716,0.1583823733378756,0,Bennie Thompson,D,0.636,0.35100000000000003,0.664,0.33,0.642,0.35200000000000004,0.291466929029467,0.671059150251547,0.0374739207189858,-14,Solid D,-3,0,1,0
MS-03,0.6016005573012493,0.3231270489476252,0.07527239375112546,0,Gregg Harper,R,0.368,0.613,0.391,0.6,0.384,0.608,0.662010775964228,0.303689424702555,0.03429979933321748,13,Solid R,3,0,0.004,0
MS-04,0.4371475856059478,0.43419412254136375,0.12865829185268843,0,Steven Palazzo,R,0.282,0.6940000000000001,0.312,0.6759999999999999,0.311,0.679,0.650418431804404,0.278015919420042,0.0715656487755534,21,Solid R,3,0,0.0066,0
MT-AL,0.5187127891490154,0.2566457981358054,0.19603260142018056,0.028608811294998687,Greg Gianforte,R,0.359,0.565,0.41700000000000004,0.5539999999999999,0.473,0.495,0.561915282840158,0.405487258556488,0.0325974586033543,11,Lean R,1,1,0.209,0
NC-01,0.4412145533626551,0.30554880287631836,0.22843088329778294,0.024805760463243638,G. Butterfield,D,0.675,0.305,0.6809999999999999,0.312,0.6729999999999999,0.322,0.289613029977274,0.686232353100522,0.0241546169222039,-17,Solid D,-3,0,1,0
NC-02,0.34940689033651096,0.4360954502053572,0.20810702394863673,0.006390635509495145,George Holding,R,0.436,0.532,0.43,0.56,0.44799999999999995,0.5429999999999999,0.567085800899718,0.432914199100282,0,6,Lean R,1,1,0.3476,1
NC-03,0.48742881634333524,0.38211376402327896,0.1304574196333859,0,Walter Jones,R,0.369,0.605,0.406,0.585,0.424,0.568,0.672012134655129,0.327987865344871,0,12,Solid R,3,0,0,0
NC-04,0.09869632816241636,0.33872175269411436,0.48764284231250415,0.07493907683096505,David Price,D,0.682,0.282,0.645,0.342,0.6579999999999999,0.332,0.317821658881528,0.682178341118472,0,-16,Solid D,-3,0,1,0
NC-05,0.34904295116536865,0.517569458346271,0.13338759048836032,0,Virginia Foxx,R,0.39799999999999996,0.574,0.423,0.565,0.446,0.542,0.584016854564684,0.415983145435316,0,10,Solid R,3,0,0.0348,0
NC-06,0.38919747026465423,0.4407769195011914,0.162013601652996,0.008012008581158367,Mark Walker,R,0.414,0.561,0.43200000000000005,0.5589999999999999,0.452,0.5379999999999999,0.592291043713513,0.407708956286487,0,9,Solid R,3,0,0.1751,0
NC-07,0.5281827927311109,0.39598326202719836,0.07583394524169064,0,David Rouzer,R,0.39899999999999997,0.5760000000000001,0.43200000000000005,0.5589999999999999,0.446,0.546,0.60913817995663,0.39086182004337,0,9,Solid R,3,0,0.1398,0
NC-08,0.4926758390675878,0.4454847366822992,0.06183942425011302,0,Richard Hudson,R,0.41100000000000003,0.561,0.444,0.547,0.45299999999999996,0.539,0.587729263724868,0.412270736275132,0,8,Likely R,2,1,0.1171,0
NC-09,0.057787470921302445,0.5086605029822033,0.42178319237828904,0.011768833718205137,Robert Pittenger,R,0.428,0.544,0.43799999999999994,0.5539999999999999,0.452,0.54,0.58182277521632,0.41817722478368,0,7,Tossup,0,1,0.4518,1
NC-10,0.29411060874907907,0.6294246039546666,0.07646478729625435,0,Patrick McHenry,R,0.364,0.61,0.40399999999999997,0.585,0.41600000000000004,0.574,0.631390388398371,0.368609611601629,0,13,Solid R,3,0,0.0019,0
NC-11,0.5552045470318867,0.4356521053990667,0.009143347569046565,0,Mark Meadows,R,0.34,0.632,0.391,0.596,0.415,0.5710000000000001,0.64088977157671,0.35911022842329,0,14,Solid R,3,0,0.0035,0
NC-12,0.019981798849324526,0.43127712292345965,0.47002110977463274,0.07871996845258303,Alma Adams,D,0.684,0.284,0.6779999999999999,0.313,0.68,0.313,0.329759519038076,0.670240480961924,0,-18,Solid D,-3,0,0.9999,0
NC-13,0.2939572933898422,0.46062853447474744,0.24537735520613124,3.681692927905342e-5,Ted Budd,R,0.44,0.534,0.461,0.529,0.479,0.512,0.561033722277857,0.438966277722143,0,6,Tossup,0,1,0.4606,1
ND-AL,0.40623395393948614,0.2518263643056827,0.2671558705828337,0.07478381117199746,Kevin Cramer,R,0.27699999999999997,0.6409999999999999,0.389,0.5870000000000001,0.446,0.5329999999999999,0.691309730277523,0,0.30869026972247726,16,Solid R,3,0,0.0061,0
NE-01,0.3459401197882819,0.20794143292706113,0.35871361063061014,0.08740483665404689,Jeff Fortenberry,R,0.36200000000000004,0.575,0.408,0.575,0.442,0.5429999999999999,0.694526383592326,0.305473616407674,0,11,Solid R,3,0,0.0011,0
NE-02,0.04802321368667982,0.18268089285434416,0.5713998779405963,0.19789601551837965,Don Bacon,R,0.46,0.48200000000000004,0.457,0.528,0.5,0.488,0.489289232348738,0.477274303869473,0.0334364637817889,4,Lean R,1,1,0.3474,1
NE-03,0.6157093414107871,0.2738726524636111,0.11041800612560174,0,Adrian Smith,R,0.2,0.7490000000000001,0.278,0.7020000000000001,0.311,0.6709999999999999,1,0,0,27,Solid R,3,0,0,0
NH-01,0.2705090320264734,0.5184500517633422,0.14042573020128538,0.07061518600889888,Carol Shea-Porter,D,0.466,0.48200000000000004,0.502,0.486,0.528,0.46399999999999997,0.429461397219551,0.442860890093556,0.12767771268689337,2,Likely D,-2,1,0.9208,0
NH-02,0.5195593971063427,0.3198529098655703,0.1249762723079124,0.035611420720174605,Ann Kuster,D,0.486,0.462,0.542,0.445,0.56,0.431,0.453181790970743,0.4974301083545,0.04938810067475694,-2,Solid D,-3,0,0.9935,0
NJ-01,0.02355785073197238,0.25996624366513066,0.5296869074183665,0.18678899818453046,Donald Norcross,D,0.606,0.361,0.6509999999999999,0.33799999999999997,0.647,0.342,0.367914676583528,0.59982715329996406,0.0322581701165078,-13,Solid D,-3,0,0.9999,0
NJ-02,0.2669951051485675,0.4519977238939946,0.21481145143542238,0.06619571952201554,Frank LoBiondo,R,0.46,0.506,0.535,0.45399999999999996,0.532,0.455,0.592145603519199,0.372195637938851,0.03565875854194996,1,Likely D,-2,1,0.9743,1
NJ-03,0.08462659400928602,0.4734354964982017,0.41666222909582495,0.025275680396687338,Thomas MacArthur,R,0.452,0.514,0.518,0.47200000000000003,0.511,0.47700000000000004,0.593171980735231,0.38872767176736,0.018100347497409,2,Tossup,0,1,0.6384,1
NJ-04,0.03753910988561971,0.4741405380745641,0.38927944389527175,0.09904090814454451,Christopher Smith,R,0.41,0.5579999999999999,0.447,0.542,0.45299999999999996,0.536,0.637217299299034,0.335249065178969,0.02753363552199689,8,Solid R,3,0,0.0487,0
NJ-05,0.13597362675618543,0.27602671854591804,0.3325079948479149,0.25549165984998173,Josh Gottheimer,D,0.47700000000000004,0.488,0.479,0.509,0.485,0.505,0.466951534049351,0.511064521573818,0.0219839443768304,3,Likely D,-2,1,0.9546,0
NJ-06,0,0.2075485039135359,0.4842990618768068,0.3081524342096573,Frank Pallone,D,0.562,0.406,0.614,0.374,0.584,0.405,0.348883026173439,0.63732989162412,0.01378708220244083,-9,Solid D,-3,0,0.9998,0
NJ-07,0.12532257893656787,0.43890602321234046,0.32490496407041763,0.11086643378067412,Leonard Lance,R,0.486,0.475,0.46299999999999997,0.525,0.47200000000000003,0.516,0.540835479505871,0.431236631891396,0.0279278886027325,3,Tossup,0,1,0.5759,1
NJ-08,0,0.022365197928581215,0.047716036972745006,0.9299187650986738,Albio Sires,D,0.757,0.215,0.7829999999999999,0.20800000000000002,0.732,0.26,0.184900136658109,0.770391505469183,0.0447083578727078,-27,Solid D,-3,0,1,0
NJ-09,0,0.0574821000991244,0.19818073948029494,0.7443371604205807,Bill Pascrell,D,0.643,0.331,0.684,0.308,0.64,0.35200000000000004,0.280292571663766,0.697310089949495,0.02239733838673992,-16,Solid D,-3,0,1,0
NJ-10,0.0055983205793152385,0.00910015300481095,0.10804831915479675,0.877253207261077,Donald Payne,D,0.852,0.128,0.879,0.115,0.8490000000000001,0.146,0.118731791840051,0.856736289732506,0.02453191842744347,-36,Solid D,-3,0,1,0
NJ-11,0.016608590240041833,0.4736767777397176,0.3661265373108748,0.14358809470936584,Rodney Frelinghuysen,R,0.479,0.488,0.466,0.524,0.47,0.521,0.580010865931127,0.388552562449253,0.0314365716196207,3,Lean D,-1,1,0.7587,1
NJ-12,0.029981138765523524,0.2905007348972262,0.4728361833079829,0.20668194302926732,Bonnie Watson Coleman,D,0.65,0.318,0.665,0.324,0.657,0.33299999999999996,0.320152857944664,0.628581525392019,0.05126561666331759,-16,Solid D,-3,0,1,0
NM-01,0.10830793499999877,0.14359242753322987,0.4901073462149815,0.2579922912517899,Michelle Lujan Grisham,D,0.516,0.35100000000000003,0.5529999999999999,0.396,0.597,0.39,0.348526983418895,0.651473016581105,0,-7,Solid D,-3,0,0.9758,0
NM-02,0.37657277404958156,0.463165742244659,0.14756919397514426,0.01269228973061519,Stevan Pearce,R,0.39899999999999997,0.501,0.449,0.517,0.484,0.502,0.62720427240983,0.372489806264395,3.0592132577562e-4,6,Tossup,0,1,0.3146,1
NM-03,0.49346674421957376,0.2618712256827099,0.22758975379293253,0.01707227630478391,Ben Luján,D,0.518,0.36700000000000005,0.575,0.387,0.612,0.375,0.375829546868026,0.624170453131974,0,-8,Solid D,-3,0,0.9999,0
NV-01,3.4213042709607943e-4,0.036677943336425774,0.26670277945109694,0.6962771467853811,Dina Titus,D,0.616,0.326,0.6559999999999999,0.324,0.645,0.33,0.287621049949032,0.618719206591913,0.09365974345905541,-15,Solid D,-3,0,0.9998,0
NV-02,0.2543481903360584,0.2693194509295424,0.290138092546242,0.18619426618815715,Mark Amodei,R,0.397,0.52,0.44799999999999995,0.529,0.494,0.48200000000000004,0.583003548905967,0.369322388745628,0.0476740623484055,7,Solid R,3,0,0.009,0
NV-03,0.05188511343534452,0.1346097766405469,0.3777247222874611,0.43578038763664745,Jacky Rosen,D,0.465,0.475,0.495,0.48700000000000004,0.535,0.446,0.459623813765625,0.472303778906172,0.0680724073282031,2,Lean D,-1,1,0.6849,1
NV-04,0.12138242163210422,0.14185314767284252,0.3593559819681479,0.3774084487269053,Ruben Kihuen,D,0.495,0.446,0.544,0.43700000000000006,0.564,0.414,0.445099794617937,0.485186912723908,0.0697132926581554,-3,Likely D,-2,1,0.8544,0
NY-01,0.09983780120939424,0.4217342770199098,0.478427921770696,0,Lee Zeldin,R,0.42200000000000004,0.545,0.496,0.491,0.51,0.48,0.48908271326685,0.390981506066875,0.11993578066627547,5,Likely R,2,1,0.1098,0
NY-02,0.008773014098778764,0.10114834468606206,0.6606447181397986,0.22943392307536062,Peter King,R,0.439,0.53,0.516,0.47200000000000003,0.51,0.48,0,0.349527503887626,0.6504724961123731,3,Likely R,2,1,0.1609,0
NY-03,0.0037282598228380866,0.24133344590480307,0.4487853341221281,0.30615296015023075,Thomas Suozzi,D,0.516,0.455,0.508,0.48200000000000004,0.54,0.46,0.413114410307969,0.529754451756956,0.05713113793507562,-1,Solid D,-3,0,0.9934,0
NY-04,0.006803919954377661,0.04111561069480588,0.24375981942177719,0.7083206499290393,Kathleen Rice,D,0.534,0.43799999999999994,0.563,0.428,0.55,0.44,0,0.581025559105431,0.418974440894569,-4,Solid D,-3,0,0.9991,0
NY-05,6.64072456847577e-4,0.005074857218866308,0.030752670936888566,0.9635083993873975,Gregory Meeks,D,0.857,0.127,0.9059999999999999,0.091,0.86,0.14,0.11456342232086,0.846052862268177,0.03938371541096327,-37,Solid D,-3,0,1,0
NY-06,4.594666963657345e-4,0,0,0.9995405333036342,Grace Meng,D,0.6509999999999999,0.321,0.6779999999999999,0.31,0.63,0.36,0.231057946609091,0.693981513252707,0.07496054013820183,-16,Solid D,-3,0,0.9999,0
NY-07,0.0027677226814083553,9.846133742667476e-6,0.0046517244701106296,0.9925707067147383,Nydia Velázquez,D,0.8690000000000001,0.10400000000000001,0.884,0.10300000000000001,0.84,0.15,0.0786823950708305,0.87323713729001,0.0480804676391595,-38,Solid D,-3,0,1,0
NY-08,2.1210841852877863e-5,0.002324746711726272,0.024340766703793152,0.9733132757426277,Hakeem Jeffries,D,0.846,0.135,0.893,0.10099999999999999,0.86,0.14,0,0.88285122261656,0.11714877738343976,-36,Solid D,-3,0,1,0
NY-09,1.07971879404232e-5,0,0.001782885658662381,0.9982063171533972,Yvette Clarke,D,0.835,0.14400000000000002,0.853,0.138,0.84,0.15,0,0.856920041017863,0.14307995898213663,-34,Solid D,-3,0,1,0
NY-10,2.4868221980209882e-5,0,0.0012303260160855794,0.9987448057619343,Jerrold Nadler,D,0.7829999999999999,0.188,0.736,0.25,0.76,0.23,0.187709157286279,0.730623668999087,0.08166717371463345,-26,Solid D,-3,0,1,0
NY-11,5.617432256918224e-5,0.014616284711415517,0.055056316539512665,0.9302712244265027,Daniel Donovan,R,0.43799999999999994,0.536,0.516,0.473,0.48,0.51,0.527753027113814,0.366985627397048,0.10526134548913772,3,Likely R,2,1,0.2102,0
NY-12,0.0024069045572463225,0.001284785250488873,0.00722840032684275,0.989079909865422,Carolyn Maloney,D,0.833,0.135,0.769,0.215,0.8,0.19,0.167983242142204,0.782644327390324,0.04937243046747213,-31,Solid D,-3,0,1,0
NY-13,3.829688774623249e-5,0,0,0.9999617031122537,Adriano Espaillat,D,0.9229999999999999,0.054000000000000006,0.946,0.046,0.93,0.06,0.0561699688110997,0.8864407432285,0.05738928796039994,-43,Solid D,-3,0,1,0
NY-14,0.011737346141140232,0.003734309123278174,0.02393458549181488,0.9605937592437667,Joseph Crowley,D,0.777,0.198,0.807,0.183,0.76,0.23,0.150799392114309,0.775934680327271,0.07326592755841928,-29,Solid D,-3,0,1,0
NY-15,1.644719933933927e-4,1.1777799331780512e-5,0.019051670853062797,0.9807720793542121,José Serrano,D,0.938,0.049,0.9670000000000001,0.03,0.95,0.05,0.0352168516858581,0.952032912730699,0.012750235583442536,-44,Solid D,-3,0,1,0
NY-16,9.678701290016239e-4,0.046986461194723314,0.1820728318162681,0.7699728368600071,Eliot Engel,D,0.7509999999999999,0.225,0.737,0.255,0.73,0.26,0,0.894618188363407,0.10538181163659263,-24,Solid D,-3,0,1,0
NY-17,0.027446357264958546,0.40364359248569326,0.34013181649661567,0.2287782337527325,Nita Lowey,D,0.586,0.384,0.5710000000000001,0.418,0.58,0.41,0,0.894886534155182,0.10511346584481843,-7,Solid D,-3,0,0.9997,0
NY-18,0.23677578649908762,0.5146053624152271,0.16674838862952995,0.08187046245615529,Sean Maloney,D,0.47100000000000003,0.49,0.514,0.47100000000000003,0.52,0.47,0.381155090266082,0.483492095071812,0.13535281466210683,1,Solid D,-3,0,0.9878,0
NY-19,0.7163821626113728,0.23526003530822479,0.03440247953565874,0.013955322544743659,John Faso,R,0.44,0.508,0.521,0.45899999999999996,0.53,0.45,0.44180368903886,0.409461207877405,0.1487351030837348,2,Tossup,0,1,0.4831,1
NY-20,0.12945771735589864,0.3725612775044807,0.27999814188579486,0.21798286325382582,Paul Tonko,D,0.54,0.405,0.5920000000000001,0.38799999999999996,0.58,0.4,0.265405062766971,0.600199401794616,0.13439553543841323,-7,Solid D,-3,0,0.9999,0
NY-21,0.730736536491965,0.1306959081665174,0.12135199731917704,0.017215558022340562,Elise Stefanik,R,0.4,0.539,0.522,0.461,0.52,0.47,0.55977124494692,0.278662245145008,0.16156650990807242,4,Likely R,2,1,0.0513,0
NY-22,0.4537618850927086,0.23116173502397924,0.18793819395667558,0.12713818592663662,Claudia Tenney,R,0.39299999999999996,0.5479999999999999,0.488,0.49200000000000005,0.49,0.49,0.406730310091157,0.368842247362053,0.2244274425467901,6,Tossup,0,1,0.6354,1
NY-23,0.6458802528447095,0.17267983805999212,0.14409908556614515,0.0373408235291532,Tom Reed,R,0.397,0.545,0.484,0.496,0.5,0.49,0.489620533719413,0.38107494593097,0.12930452034961656,6,Solid R,3,0,0.0295,0
NY-24,0.30437823837393085,0.29483252663718645,0.2593273737414658,0.14146186124741691,John Katko,R,0.489,0.45299999999999996,0.57,0.41100000000000003,0.56,0.42,0.497591976565215,0.36592026215183,0.13648776128295517,-3,Lean R,1,1,0.1318,0
NY-25,0.04681990358020904,0.36378467216374655,0.3220671417531784,0.267328282502866,Vacant,Vacant,0.555,0.391,0.588,0.39399999999999996,0.59,0.4,0.349383576148371,0.517630305280959,0.1329861185706701,-8,Solid D,-3,0,0.9993,0
NY-26,0.012614723151306205,0.14713176126145297,0.40254256980091,0.4377109457863308,Brian Higgins,D,0.5760000000000001,0.38,0.639,0.34299999999999997,0.63,0.35,0.197208664294944,0.676606195809186,0.12618513989587055,-11,Solid D,-3,0,1,0
NY-27,0.48184112738435647,0.3491508616839361,0.16241412322628448,0.006593887705422905,Chris Collins,R,0.35200000000000004,0.597,0.429,0.5529999999999999,0.44,0.54,0.533771885806045,0.327947227721869,0.13828088647208525,11,Lean R,1,1,0.0544,0
OH-01,0.08011286903649227,0.3295188343837785,0.40858328983328407,0.18178500674644515,Steve Chabot,R,0.446,0.512,0.46299999999999997,0.524,0.47200000000000003,0.518,0.591942230289638,0.407691353709821,3.664160005411682e-4,5,Tossup,0,1,0.3596,1
OH-02,0.2952329629539568,0.2724248930200798,0.320060313065866,0.1122818309600975,Brad Wenstrup,R,0.397,0.5579999999999999,0.43700000000000006,0.547,0.44299999999999995,0.542,0.650034236611722,0.328242412843578,0.0217233505447001,9,Solid R,3,0,0.0374,0
OH-03,4.883468084301357e-4,0.16590556949903892,0.5158829125138411,0.3177231711786898,Joyce Beatty,D,0.67,0.28600000000000003,0.6970000000000001,0.289,0.674,0.313,0.314260119237621,0.685739880762379,0,-19,Solid D,-3,0,0.9999,0
OH-04,0.44097200889510035,0.377845305120995,0.16259341567316823,0.018589270310736386,Jim Jordan,R,0.307,0.643,0.42,0.56,0.43700000000000006,0.544,0.679888618664459,0.320111381335541,0,14,Solid R,3,0,0.0261,0
OH-05,0.4266967324936647,0.30918197612330817,0.22193657257375632,0.042184718809270806,Robert Latta,R,0.34600000000000003,0.597,0.441,0.539,0.46,0.522,0.709001104376636,0.290998895623364,0,11,Solid R,3,0,0.0022,0
OH-06,0.6590168291131556,0.25771455613362243,0.08326861475322196,0,Bill Johnson,R,0.267,0.693,0.42700000000000005,0.552,0.447,0.531,0.706759591088504,0.293240408911496,0,16,Solid R,3,0,1e-4,0
OH-07,0.414109933536244,0.39390177168950663,0.1501473311635688,0.041840963610680494,Bob Gibbs,R,0.32799999999999996,0.625,0.442,0.537,0.469,0.509,0.640345918146489,0.289572383404457,0.070081698449054,12,Solid R,3,0,0.0794,0
OH-08,0.2753774474748707,0.42758096025126996,0.25480871415419043,0.04223287811966885,Warren Davidson,R,0.306,0.6509999999999999,0.364,0.619,0.381,0.603,0.687646310667085,0.269715458394008,0.0426382309389074,17,Solid R,3,0,3e-4,0
OH-09,0.03389183432735947,0.1554843314056306,0.44980512909679043,0.3608187051702196,Marcy Kaptur,D,0.5870000000000001,0.365,0.6759999999999999,0.309,0.6679999999999999,0.316,0.313128988165639,0.686853306326532,1.77055078293756e-5,-14,Solid D,-3,0,0.9999,0
OH-10,0.08056077126089312,0.398678513907062,0.42216942091906606,0.09859129391297887,Michael Turner,R,0.44,0.513,0.48200000000000004,0.501,0.493,0.493,0.640887457590864,0.326738997391578,0.032373545017557785,4,Likely R,2,1,0.0517,0
OH-11,0.008812207116693614,0.11651268123957742,0.4184543815828671,0.4562207300608619,Marcia Fudge,D,0.805,0.17,0.8270000000000001,0.165,0.82,0.172,0.197462056388469,0.802537943611531,0,-32,Solid D,-3,0,1,0
OH-12,0.22849645135645708,0.40210852631206606,0.3111531913078829,0.058241831023593905,Troy Balderson,R,0.419,0.532,0.439,0.544,0.44799999999999995,0.537,0.665545354855457,0.298351936514327,0.03610270863021609,7,Lean R,1,1,0.3052,1
OH-13,0.08633700802466264,0.3693385470817507,0.4590999342452856,0.08522451064830108,Tim Ryan,D,0.511,0.446,0.629,0.354,0.623,0.358,0.322648407163543,0.677296398748068,5.51940883884625e-5,-7,Solid D,-3,0,0.9997,0
OH-14,0.21728734651192164,0.46433081561727846,0.2779273017303408,0.04045453614045906,David Joyce,R,0.42100000000000004,0.536,0.47600000000000003,0.509,0.491,0.494,0.625779044106101,0.37373275967899,4.88196214909113e-4,5,Likely R,2,1,0.1521,0
OH-15,0.4342966384855543,0.2506442331740544,0.24203025055165867,0.07302887778873265,Steve Stivers,R,0.39899999999999997,0.5529999999999999,0.46299999999999997,0.519,0.461,0.522,0.661645987167725,0.338354012832275,0,7,Solid R,3,0,0.0198,0
OH-16,0.1303534908728711,0.5034697544226693,0.33650801594946184,0.029668738754997752,James Renacci,R,0.395,0.562,0.452,0.534,0.47200000000000003,0.513,0.653293752748652,0.346706247251348,0,8,Solid R,3,0,0.0395,0
OK-01,0.11700888217767706,0.37809368306974567,0.44356899606073813,0.061328438691839085,Vacant,Vacant,0.327,0.614,0.342,0.6579999999999999,0.358,0.642,0,0,0,17,Solid R,3,0,0.0019,0
OK-02,0.7522904243536587,0.2044680625199507,0.04324151312639062,0,Markwayne Mullin,R,0.228,0.7290000000000001,0.322,0.6779999999999999,0.34299999999999997,0.657,0.706062409342805,0.232034068508945,0.0619035221482501,24,Solid R,3,0,0.0027,0
OK-03,0.6460450567802486,0.24744016787735057,0.09543410127495612,0.011080674067444691,Frank Lucas,R,0.209,0.736,0.261,0.7390000000000001,0.271,0.7290000000000001,0.782908659222683,0.217091340777317,0,27,Solid R,3,0,2e-4,0
OK-04,0.3766973299975784,0.2901394286107391,0.3078660371184699,0.025297204273212644,Tom Cole,R,0.28300000000000003,0.657,0.32899999999999996,0.6709999999999999,0.33899999999999997,0.6609999999999999,0.69628464915123,0.260828339398818,0.0428870114499521,20,Solid R,3,0,1e-4,0
OK-05,0.14050695311455663,0.2292445123956011,0.5047514002992844,0.12549713419055789,Steve Russell,R,0.39799999999999996,0.532,0.408,0.5920000000000001,0.408,0.5920000000000001,0.570923477207114,0.368082831378978,0.0609936914139074,10,Solid R,3,0,0.1444,0
OR-01,0.16310769985448056,0.1683716212682309,0.4578807932054227,0.21063988567186587,Suzanne Bonamici,D,0.573,0.345,0.573,0.4,0.596,0.377,0.369631970800989,0,0.630368029199011,-9,Solid D,-3,0,0.9996,0
OR-02,0.45033742428538354,0.33539962178137966,0.18827140466006523,0.0259915492731715,Greg Walden,R,0.364,0.565,0.405,0.568,0.433,0.5379999999999999,0,0.280086883665713,0.7199131163342867,11,Solid R,3,0,0.002,0
OR-03,0.061712155215760366,0.09713411568199827,0.2615323686321575,0.5796213604700838,Earl Blumenauer,D,0.7070000000000001,0.225,0.72,0.247,0.7290000000000001,0.243,0,0.718408285493847,0.28159171450615283,-24,Solid D,-3,0,1,0
OR-04,0.38954047710175843,0.2734372826178918,0.2586439302000294,0.07837831008032041,Peter DeFazio,D,0.461,0.46,0.517,0.45,0.542,0.42700000000000005,0,0,1,0,Solid D,-3,0,0.9948,0
OR-05,0.2300773022245845,0.18821715288491378,0.4742510946668407,0.10745445022366108,Kurt Schrader,D,0.483,0.441,0.505,0.47100000000000003,0.53,0.442,0.430017582040589,0,0.5699824179594116,0,Solid D,-3,0,0.9977,0
PA-01,0.040683126724244185,0.4588711278114162,0.43322752236574685,0.06721822309859278,Robert Brady,D,0.491,0.47100000000000003,0.502,0.486,0.539,0.45,0.177911423719295,0.821680729577578,4.07846703127716e-4,1,Tossup,0,1,0.1766,1
PA-02,0.006140196332181858,0.004694359726658931,0.05957537097395821,0.929590072967201,Dwight Evans,D,0.7290000000000001,0.249,0.774,0.218,0.731,0.261,0.0981905283634819,0.901420969076314,3.88502560203922e-4,-25,Solid D,-3,0,1,0
PA-03,0.001575600558229735,0.01543852591846504,0.03312949898948164,0.9498563745338235,Mike Kelly,R,0.909,0.07,0.917,0.076,0.9179999999999999,0.078,0.972086930634117,0,0.0279130693658827,-41,Solid D,-3,1,1,1
PA-04,0.015764291690110184,0.46519890368051947,0.3539343055914493,0.16510249903792104,Scott Perry,R,0.578,0.385,0.561,0.428,0.595,0.396,0.65999772649767,0,0.3400022735023301,-7,Solid D,-3,1,0.9973,1
PA-05,5.023615353844349e-6,0.1842859825415798,0.29233429397298977,0.5233746998700766,Glenn Thompson,R,0.626,0.344,0.634,0.35700000000000004,0.628,0.363,0.670798848915262,0.32794235492212,0.0012587961626183,-13,Likely D,-2,1,0.9999,1
PA-06,0.08523151959121675,0.5199519796303183,0.25214000039400875,0.14267650038445617,Ryan Costello,R,0.526,0.433,0.51,0.478,0.557,0.434,0.571924378921369,0.42728445566717,7.91165411461147e-4,-2,Likely D,-2,1,0.985,1
PA-07,0.08871210915757385,0.3684239185529911,0.34103859402308057,0.20182537826635444,Vacant,Vacant,0.48700000000000004,0.47600000000000003,0.529,0.45899999999999996,0.5660000000000001,0.42100000000000004,0,0.405174253060063,3.87199755563692e-4,-1,Lean D,-1,1,0.9331,0
PA-08,0.32758459599507517,0.3368324352639914,0.179376221069993,0.15620674767094034,Brian Fitzpatrick,R,0.43700000000000006,0.5329999999999999,0.5529999999999999,0.434,0.5670000000000001,0.423,0.5441944851416,0.455689987449522,1.15527408877756e-4,1,Likely D,-2,1,0.8655,1
PA-09,0.47520628463124054,0.2670102178345932,0.1931727548994008,0.06461074263476543,Bill Shuster,R,0.31,0.65,0.41200000000000003,0.5720000000000001,0.456,0.53,0.628037861345613,0,0.37196213865438765,14,Solid R,3,0,0.0055,0
PA-10,0.11804358660112951,0.44778603247833687,0.3103316101123785,0.12383877080815515,Tom Marino,R,0.434,0.523,0.46,0.526,0.486,0.503,0.700695116936179,0,0.29930488306382047,6,Lean R,1,1,0.232,0
PA-11,0.2151329539860479,0.477855198873949,0.2194524773355486,0.08755936980445453,Lou Barletta,R,0.34700000000000003,0.605,0.38,0.605,0.42,0.5710000000000001,0.636221231089247,0.36306094191663,7.1782699412339e-4,14,Solid R,3,0,0.0475,0
PA-12,0.7009327254225677,0.11122590918092881,0.12883174755118346,0.059009617845319995,Keith Rothfus,R,0.297,0.6609999999999999,0.368,0.615,0.41700000000000004,0.57,0.617087560116046,0.382052943843477,8.59496040476979e-4,17,Solid R,3,0,2e-4,0
PA-13,0.5877682709542382,0.17528706045832143,0.1952555506395671,0.04168911794787316,Brendan Boyle,D,0.255,0.7120000000000001,0.321,0.6659999999999999,0.37,0.618,0,0.999010657349313,9.89342650686905e-4,22,Solid R,3,1,0,1
PA-14,0.30895050499487614,0.44593249711483407,0.18702044106718543,0.0580965568231044,Michael Doyle,D,0.33899999999999997,0.629,0.406,0.583,0.447,0.542,0,0.742553896987819,0.2574461030121813,14,Likely R,2,1,0.0084,1
PA-15,0.7074540946356359,0.15146432012363553,0.1312396725053636,0.00984191273536497,Vacant,Vacant,0.265,0.698,0.35700000000000004,0.626,0.426,0.5579999999999999,0.583414950662325,0.3799154036385,0.03666964569917485,20,Solid R,3,0,0,0
PA-16,0.4044418191473075,0.2533133530183552,0.2503011438059483,0.09194368402838898,Lloyd Smucker,R,0.379,0.579,0.469,0.517,0.496,0.49,0.536620672760303,0.428185557892192,0.03519376934750585,8,Lean R,1,1,0.0352,0
PA-17,0.056733690640852395,0.4583577006634448,0.3432636946563451,0.1416449140393577,Matt Cartwright,D,0.46799999999999997,0.494,0.47200000000000003,0.517,0.486,0.505,0.461476602458164,0.537477297586474,0.00104609995536186,3,Likely D,-2,1,0.8785,0
PA-18,0.009496733483791894,0.22014806291188552,0.35416057883960195,0.4161946247647206,Conor Lamb,D,0.621,0.34600000000000003,0.635,0.35200000000000004,0.634,0.35700000000000004,0.983935218223058,0,0.0160647817769424,-13,Solid D,-3,0,1,0
RI-01,0.023136914453687665,0.30833458605581154,0.24343565617860172,0.4250928433118991,David Cicilline,D,0.605,0.349,0.662,0.322,0.6659999999999999,0.318,0.35094403020106,0.645033773600755,0.004022196198184576,-14,Solid D,-3,0,0.9999,0
RI-02,0.13801738245417336,0.3498727116712654,0.3068486765483205,0.20526122932624072,James Langevin,D,0.511,0.44,0.598,0.38299999999999995,0.599,0.38299999999999995,0.306792989683523,0.580882224588476,0.11232478572800107,-6,Solid D,-3,0,0.9999,0
SC-01,0.14248751717291808,0.5607912247388117,0.2798843078363053,0.016836950251965035,Mark Sanford,R,0.40399999999999997,0.535,0.402,0.583,0.42700000000000005,0.561,0.585570624596365,0.339942184088323,0.07448719131531197,10,Lean R,1,1,0.0976,0
SC-02,0.26818057198322476,0.5528589989809392,0.17080724421910232,0.008153184816733728,Joe Wilson,R,0.386,0.563,0.39399999999999996,0.591,0.39399999999999996,0.595,0.602453802672822,0.345270101902976,0.05227609542420224,13,Solid R,3,0,0.005,0
SC-03,0.5324987131161821,0.4313041019382666,0.036197184945551235,0,Jeff Duncan,R,0.29,0.67,0.33899999999999997,0.645,0.35100000000000003,0.635,0.728237932186097,0.270719793306689,0.00104227450721335,19,Solid R,3,0,9e-4,0
SC-04,0.11433117135167747,0.6521441128889509,0.22319821234871365,0.010326503410658031,Trey Gowdy,R,0.345,0.602,0.36200000000000004,0.622,0.377,0.606,0.671857138025501,0.31006189332702,0.01808096864747863,15,Solid R,3,0,2e-4,0
SC-05,0.4725998974774637,0.4521535266439085,0.07524657587862774,0,Ralph Norman,R,0.38799999999999996,0.573,0.436,0.551,0.43799999999999994,0.55,0.59073278684671,0.387657372364254,6.58201832890614e-4,9,Solid R,3,0,0.0234,0
SC-06,0.5243085450769989,0.2508479584254831,0.18850284395409225,0.036340652543425826,James Clyburn,D,0.6679999999999999,0.303,0.7090000000000001,0.281,0.701,0.289,0.276087924033383,0.700851906845582,0.044011808077181004,-20,Solid D,-3,0,0.9999,0
SC-07,0.4612952488142987,0.4486760681960654,0.0900286829896359,0,Tom Rice,R,0.391,0.58,0.444,0.545,0.45299999999999996,0.536,0.609639228502434,0.35739973675392,0.03296103474364597,9,Solid R,3,0,0.0077,0
SD-AL,0.5274386199726336,0.24417927927389624,0.2089316977276394,0.0194504030258307,Kristi Noem,R,0.317,0.615,0.39899999999999997,0.579,0.447,0.532,0.641027858789695,0.358972141210304,0,14,Solid R,3,0,0.0137,0
TN-01,0.41338735026683743,0.5084338184636011,0.07817883126956145,0,David Roe,R,0.19699999999999998,0.767,0.257,0.727,0.28600000000000003,0.6990000000000001,0.783689358759016,0.154229819187827,0.06208082205315685,28,Solid R,3,0,0,0
TN-02,0.23121677336144286,0.5014667623788744,0.2486850081634167,0.018631456096265896,John Duncan,R,0.297,0.6509999999999999,0.309,0.6729999999999999,0.345,0.64,0.7564552653317,0.2435447346683,0,20,Solid R,3,0,2e-4,0
TN-03,0.4167522873002152,0.4482527833349874,0.13499492936479754,0,Charles Fleischmann,R,0.302,0.654,0.35100000000000003,0.633,0.373,0.613,0.663943670443524,0.28844086223619,0.04761546732028593,18,Solid R,3,0,5e-4,0
TN-04,0.47369351615578076,0.35664275310354276,0.16075781318261434,0.008905917558062103,Scott DesJarlais,R,0.27399999999999997,0.6859999999999999,0.331,0.653,0.358,0.626,0.650341064655189,0.349658935344811,0,20,Solid R,3,0,0.0044,0
TN-05,0.12579915875527548,0.3506374116505515,0.4421639070754635,0.08139952251870947,Jim Cooper,D,0.565,0.382,0.5589999999999999,0.425,0.575,0.413,0.374466265025005,0.625533734974995,0,-7,Solid D,-3,0,0.9998,0
TN-06,0.5360494391558343,0.4319644446302632,0.03198611621390252,0,Diane Black,R,0.237,0.726,0.295,0.691,0.335,0.649,0.710865056768252,0.217916271222187,0.071218672009561,24,Solid R,3,0,0,0
TN-07,0.5198723256636546,0.377338775071582,0.1027888992647634,0,Marsha Blackburn,R,0.282,0.675,0.32899999999999996,0.657,0.363,0.624,0.722153556770313,0.235037637876424,0.0428088053532627,20,Solid R,3,0,2e-4,0
TN-08,0.4591853532578246,0.4023874846563041,0.13842716208587122,0,David Kustoff,R,0.307,0.6629999999999999,0.32899999999999996,0.6609999999999999,0.349,0.6409999999999999,0.687524979397523,0.250855046987794,0.06161997361468241,19,Solid R,3,0,0,0
TN-09,0.04113992685229498,0.23630872791761232,0.6426567809713429,0.07989456425874975,Steve Cohen,D,0.775,0.198,0.784,0.209,0.77,0.225,0.188674830356446,0.787453488532142,0.0238716811114119,-28,Solid D,-3,0,1,0
TX-01,0.5230520118743989,0.34059736171467464,0.13635062641092646,0,Louie Gohmert,R,0.253,0.722,0.275,0.716,0.3,0.69,0.7389683152272,0.241339585037384,0.019692099735416167,25,Solid R,3,0,0,0
TX-02,0.021372580693237855,0.27990951791354923,0.4908999179105285,0.2078179834826845,Ted Poe,R,0.431,0.524,0.35600000000000004,0.629,0.37,0.62,0.60629106226369,0.360237352463376,0.0334715852729337,11,Likely R,2,1,0.0709,0
TX-03,0.02678056030793783,0.22977602025534827,0.59405023951508,0.14939317992163387,Sam Johnson,R,0.406,0.5479999999999999,0.342,0.643,0.37,0.61,0.61201957866065,0.345754849636771,0.042225571702578776,13,Solid R,3,0,0.0061,0
TX-04,0.5981251884371479,0.34479439715000426,0.0570804144128479,0,John Ratcliffe,R,0.218,0.754,0.248,0.74,0.29,0.7,0.879875720900008,0,0.120124279099992,28,Solid R,3,0,0,0
TX-05,0.33192559099505065,0.2857460384055809,0.26912240411757515,0.11320596648179337,Jeb Hensarling,R,0.34299999999999997,0.627,0.344,0.645,0.37,0.62,0.806060920285159,0,0.193939079714841,16,Solid R,3,0,6e-4,0
TX-06,0.13591624371111607,0.27206891862150545,0.5380029178589388,0.05401191980843963,Joe Barton,R,0.419,0.542,0.408,0.579,0.42,0.57,0.583411392775599,0.39029843100521,0.0262901762191909,9,Solid R,3,0,0.0558,0
TX-07,7.17774760025584e-4,0.09569148962817806,0.4330067055705478,0.4705840300412485,John Culberson,R,0.485,0.47100000000000003,0.386,0.599,0.4,0.59,0.56173566623489,0.438264333765111,0,7,Tossup,0,1,0.4474,1
TX-08,0.28844286192005175,0.5303169112985044,0.18124022678144375,0,Kevin Brady,R,0.239,0.727,0.217,0.77,0.26,0.73,1,0,0,28,Solid R,3,0,0,0
TX-09,0,0.14493873761819406,0.38747836220328985,0.467582900178516,Al Green,D,0.7929999999999999,0.18,0.78,0.21100000000000002,0.76,0.23,0.1935625891801,0.8064374108199,0,-29,Solid D,-3,0,1,0
TX-10,0.2943785009426428,0.2761798913217577,0.31008305038270906,0.11935855735289044,Michael McCaul,R,0.43200000000000005,0.523,0.38799999999999996,0.591,0.43,0.56,0.573323736404351,0.384420985284709,0.0422552783109405,9,Solid R,3,0,0.0438,0
TX-11,0.39389682064505477,0.26732240218914677,0.3314569060365543,0.0073238711292442395,K. Conaway,R,0.191,0.778,0.196,0.792,0.23,0.76,0.895024562399135,0,0.104975437600865,32,Solid R,3,0,0,0
TX-12,0.14732794464872778,0.30981802434985983,0.4349288079102202,0.10792522309119221,Kay Granger,R,0.327,0.629,0.317,0.6679999999999999,0.35,0.64,0.694000671105381,0.26854458435618,0.0374547445384384,18,Solid R,3,0,2e-4,0
TX-13,0.39613486715260837,0.312739228531693,0.2761681677678958,0.014957736547802756,Mac Thornberry,R,0.16899999999999998,0.799,0.185,0.802,0.22,0.77,0.899693548241292,0,0.10030645175870759,33,Solid R,3,0,0,0
TX-14,0.2070210016039448,0.33973233412455817,0.41313207231010707,0.04011459196138997,Randy Weber,R,0.384,0.5820000000000001,0.395,0.593,0.42,0.57,0.618560948841866,0.381439051158134,0,12,Solid R,3,0,0.0093,0
TX-15,0.17133379964239634,0.5458150156150259,0.28285118474257787,0,Vicente Gonzalez,D,0.5670000000000001,0.4,0.574,0.415,0.57,0.42,0.376816412082556,0.573093154683089,0.0500904332343545,-7,Solid D,-3,0,0.9993,0
TX-16,0.0246878691611135,0.2747281369390795,0.47847644267006917,0.22210755122973794,Beto O'Rourke,D,0.679,0.272,0.642,0.345,0.64,0.35,0,0.857323844797379,0.1426761552026205,-17,Solid D,-3,0,0.9999,0
TX-17,0.3151478249867198,0.2861089078171572,0.31459738939932236,0.08414587779680066,Bill Flores,R,0.38799999999999996,0.563,0.377,0.604,0.41,0.58,0.608058503711421,0.352434399010288,0.0395070972782914,12,Solid R,3,0,0.0032,0
TX-18,0.005412291115655408,0.17347191070679938,0.6024023450835794,0.21871345309396575,Sheila Jackson Lee,D,0.765,0.2,0.7609999999999999,0.228,0.77,0.23,0.236437143919964,0.734954088924565,0.0286087671554711,-27,Solid D,-3,0,1,0
TX-19,0.37878563367196894,0.24282701112240135,0.31790446749167683,0.06048288771395295,Jodey Arrington,R,0.235,0.725,0.25,0.736,0.28,0.71,0.866514313797764,0,0.1334856862022362,27,Solid R,3,0,0,0
TX-20,8.775021115614715e-4,0.14151103821732613,0.6221164924959601,0.23549496717515225,Joaquin Castro,D,0.61,0.34299999999999997,0.589,0.397,0.58,0.41,0,0.797361311671081,0.2026386883289199,-10,Solid D,-3,0,0.9997,0
TX-21,0.283819983178656,0.1813966775903085,0.36019310880030203,0.17459023043073357,Lamar Smith,R,0.425,0.525,0.379,0.598,0.42,0.56,0.570082380466869,0.364476688827658,0.0654409307054723,10,Likely R,2,1,0.1263,0
TX-22,0.08148152235397363,0.41366315486980126,0.43640918733099066,0.06844613544523448,Pete Olson,R,0.442,0.521,0.36700000000000005,0.621,0.39,0.6,0.595215730682752,0.404784269317248,0,10,Likely R,2,1,0.1186,0
TX-23,0.3641115318498435,0.3747869335334184,0.24568067705641422,0.015420857560323851,Will Hurd,R,0.498,0.46399999999999997,0.48100000000000004,0.507,0.5,0.49,0.482942807852729,0.469617627148254,0.0474395649990173,1,Lean R,1,1,0.4529,1
TX-24,1.105962590465156e-4,0.1662237310629926,0.4941270825616254,0.3395385901163354,Kenny Marchant,R,0.445,0.507,0.38,0.604,0.41,0.58,0.561775536488472,0.393233805576215,0.044990657935313,9,Likely R,2,1,0.034,0
TX-25,0.34230382444735474,0.38562092931364156,0.22914288677901942,0.04293235945998432,Roger Williams,R,0.402,0.551,0.37799999999999995,0.599,0.43,0.56,0.58346335865066,0.37741621426453,0.0391204270848109,11,Solid R,3,0,0.0542,0
TX-26,0.08200419592494086,0.36468704282524056,0.4914521041593642,0.0618566570904545,Michael Burgess,R,0.344,0.609,0.307,0.6759999999999999,0.35,0.64,0.663563996489908,0.296185909489783,0.0402500940203084,18,Solid R,3,0,6e-4,0
TX-27,0.3462515409128181,0.24892562530216533,0.284526699754261,0.12029613403075563,Michael Cloud,R,0.365,0.601,0.382,0.605,0.4,0.59,0.616926880041634,0.383073119958366,0,13,Solid R,3,0,0.0023,0
TX-28,0.2573799333899062,0.2791162771041919,0.3631710472852813,0.10033274222062043,Henry Cuellar,D,0.583,0.385,0.603,0.387,0.58,0.41,0.31305234165754,0.661920820637382,0.025026837705078,-9,Solid D,-3,0,0.9997,0
TX-29,4.581802611406042e-4,0.16857343704636293,0.5906342279236836,0.24033415476881287,Gene Green,D,0.711,0.254,0.659,0.33,0.62,0.37,0.239775120849813,0.724712460790108,0.0355124183600795,-19,Solid D,-3,0,1,0
TX-30,0.016538137106211808,0.23321223224404358,0.6201333396500724,0.1301162909996722,Eddie Johnson,D,0.7909999999999999,0.183,0.7959999999999999,0.196,0.78,0.21,0.189730653578642,0.779167009404733,0.0311023370166251,-29,Solid D,-3,0,0.9999,0
TX-31,0.163464144126182,0.38609924599767004,0.4127171525332407,0.03771945734290734,John Carter,R,0.408,0.535,0.38299999999999995,0.596,0.43,0.56,0.583510197197352,0.36492051667674,0.0515692861259083,10,Lean R,1,1,0.0707,0
TX-32,9.408522561882038e-5,0.1594550619065286,0.5060062782955792,0.3344445745722734,Pete Sessions,R,0.485,0.466,0.415,0.57,0.44,0.55,0.71068328889781,0,0.2893167111021905,5,Tossup,0,1,0.2982,1
TX-33,0.003517059283313981,0.16578061948610856,0.5868797971844121,0.24382252404616533,Marc Veasey,D,0.7290000000000001,0.237,0.72,0.271,0.69,0.31,0.262896754742065,0.737103245257935,0,-23,Solid D,-3,0,1,0
TX-34,0.28436597891588283,0.38833303852647527,0.30856059899877114,0.018740383558870845,Filemon Vela,D,0.5920000000000001,0.377,0.608,0.38299999999999995,0.6,0.39,0.373278789657465,0.626721210342535,0,-10,Solid D,-3,0,0.9995,0
TX-35,0.048829618980571976,0.2926815458171687,0.4679270466833268,0.1905617885189325,Lloyd Doggett,D,0.6409999999999999,0.305,0.63,0.34600000000000003,0.63,0.35,0.315746851844354,0.630704134105357,0.0535490140502895,-15,Solid D,-3,0,0.9999,0
TX-36,0.45991615727046853,0.24389432279622517,0.2796119243151814,0.01657759561812483,Brian Babin,R,0.252,0.72,0.257,0.732,0.3,0.69,0.88612083361929,0,0.113879166380711,26,Solid R,3,0,0,0
UT-01,0.25475282029347845,0.3023551941778266,0.40513163203921965,0.037760353489475276,Rob Bishop,R,0.22399999999999998,0.49700000000000005,0.204,0.774,0.294,0.677,0.659306914634806,0.264478924510281,0.0762141608549135,26,Solid R,3,0,3e-4,0
UT-02,0.2930644080911945,0.27064694137357126,0.27414430809346396,0.1621443424417703,Chris Stewart,R,0.32,0.46,0.292,0.68,0.384,0.585,1.350642529489257,0.338750401855217,0.0452209029731868,16,Solid R,3,0,0.0102,0
UT-03,0.11380403164030681,0.31028637504607653,0.4503049011741949,0.12560469213942185,John Curtis,R,0.233,0.47200000000000003,0.195,0.7829999999999999,0.295,0.675,0,0.26538616568234,0,25,Solid R,3,0,2e-4,0
UT-04,0.0985993182934418,0.18060862112462098,0.5318751895220365,0.18891687105990077,Mia Love,R,0.324,0.391,0.302,0.672,0.409,0.561,0.537558864984758,0.413058284074313,0.0493828509409292,13,Tossup,0,1,0.1524,0
VA-01,0.31505418075594366,0.446739547641084,0.234571780874079,0.003634490728893316,Robert Wittman,R,0.41200000000000003,0.536,0.434,0.5529999999999999,0.43799999999999994,0.5539999999999999,0.598492155308003,0.366003301659929,0.03550454303206772,8,Solid R,3,0,0.0122,0
VA-02,0.09057549106690715,0.15527133596198506,0.5277997924311668,0.2263533805399409,Scott Taylor,R,0.45399999999999996,0.488,0.48200000000000004,0.505,0.479,0.511,0.613169585372135,0.384496523306722,0.00233389132114345,3,Tossup,0,1,0.2145,0
VA-03,0.06802755850193938,0.13590290365746635,0.557539532740155,0.23853000510043923,Robert Scott,D,0.636,0.319,0.6759999999999999,0.313,0.654,0.33899999999999997,0.330661296983395,0.666953718494995,0.00238498452161052,-16,Solid D,-3,0,1,0
VA-04,0.29318812854640885,0.4235608141084108,0.2770746270778618,0.006176430267318546,A. McEachin,D,0.5870000000000001,0.371,0.603,0.385,0.601,0.391,0.420338679950043,0.577261543875235,0.00239977617472217,-10,Solid D,-3,0,0.9993,0
VA-05,0.6882453882342682,0.19147628609870554,0.08736710055730189,0.0329112251097244,Thomas Garrett,R,0.423,0.534,0.45899999999999996,0.525,0.46799999999999997,0.522,0.582338514147969,0.415789104872956,0.00187238097907586,6,Lean R,1,1,0.4955,1
VA-06,0.39860245290639934,0.32262980660268425,0.2709133486897983,0.007854391801118122,Bob Goodlatte,R,0.349,0.597,0.395,0.588,0.41200000000000003,0.5770000000000001,0.66617521923086,0.331416786820148,0.00240799394899189,13,Solid R,3,0,0.0022,0
VA-07,0.2966373188483497,0.3937700324637032,0.27149223004122025,0.03810041864672678,Dave Brat,R,0.44,0.505,0.441,0.546,0.449,0.5429999999999999,0.575031183331619,0.422350207932829,0.00261860873555216,6,Tossup,0,1,0.3233,1
VA-08,0.0027739138114414364,0.06105723846580631,0.27610638611850313,0.6600624616042491,Donald Beyer,D,0.735,0.209,0.6779999999999999,0.31,0.6629999999999999,0.32799999999999996,0.27277667340381,0.683842223312734,0.04338110328345629,-21,Solid D,-3,0,1,0
VA-09,0.6897624015301342,0.28582831955654814,0.02440927891331762,0,H. Griffith,R,0.273,0.688,0.349,0.631,0.397,0.589,0.685850731647585,0.283175489080873,0.03097377927154259,19,Solid R,3,0,0.0056,0
VA-10,0.15272208335744156,0.3634143079331689,0.4196759310194726,0.06418767768991698,Barbara Comstock,R,0.522,0.42200000000000004,0.488,0.499,0.496,0.496,0.526823404154285,0.469142775738097,0.00403382010761852,-1,Lean D,-1,1,0.7372,1
VA-11,4.914925737233102e-4,0.10444191972092297,0.6259287562460777,0.269137831459276,Gerald Connolly,D,0.669,0.275,0.625,0.363,0.607,0.385,0,0.877784940599741,0.122215059400259,-15,Solid D,-3,0,0.9999,0
VT-AL,0.6861583810912273,0.20450651418205856,0.08349394569891529,0.025841159027798846,Peter Welch,D,0.5670000000000001,0.303,0.67,0.312,0.6779999999999999,0.306,0,0,0.9999999999999996,-15,Solid D,-3,0,1,0
WA-01,0.19901177044288548,0.33832597059818637,0.4038763827462598,0.05878587621266834,Suzan DelBene,D,0.541,0.37799999999999995,0.541,0.433,0.563,0.419,0.445849718658951,0.55415028134105,0,-6,Solid D,-3,0,0.998,0
WA-02,0.1338365655938002,0.2543761893397514,0.4527145215915021,0.15907272347494641,Rick Larsen,D,0.569,0.348,0.5920000000000001,0.38,0.605,0.376,0.359837496312322,0.640162503687678,0,-10,Solid D,-3,0,0.9995,0
WA-03,0.2933250149751317,0.22608710965421364,0.3800808921550665,0.10050698321558825,Jaime Herrera Beutler,R,0.425,0.499,0.479,0.496,0.509,0.47100000000000003,0.617526980914654,0.382473019085346,0,4,Lean R,1,1,0.142,0
WA-04,0.35289847368926014,0.39510413268977607,0.2007155778249279,0.05128181579603592,Dan Newhouse,R,0.35100000000000003,0.579,0.379,0.597,0.392,0.589,1,0,0,13,Solid R,3,0,0.0039,0
WA-05,0.2957828870472314,0.23504232865183372,0.3455145086497446,0.12366027565119031,Cathy McMorris Rodgers,R,0.391,0.522,0.43700000000000006,0.535,0.46299999999999997,0.512,0.596410269090729,0.403589730909271,0,8,Lean R,1,1,0.179,0
WA-06,0.24663752667646768,0.4114570533316798,0.23112655793997616,0.11077886205187634,Derek Kilmer,D,0.518,0.395,0.561,0.41200000000000003,0.57,0.409,0.384694693045871,0.615305306954129,0,-6,Solid D,-3,0,0.9996,0
WA-07,0,0.03533131214718924,0.27671226992526804,0.6879564179275427,Pramila Jayapal,D,0.821,0.122,0.792,0.18100000000000002,0.804,0.18,0,1,0,-33,Solid D,-3,0,1,0
WA-08,0.18433460602936066,0.4246742585612891,0.3492977944127728,0.0416933409965775,David Reichert,R,0.47700000000000004,0.447,0.49700000000000005,0.48100000000000004,0.515,0.46799999999999997,0.601950976267278,0.398049023732722,0,0,Tossup,0,1,0.5417,1
WA-09,0.001667774745756259,0.11033743726770592,0.6321917618297576,0.2558030261567802,Adam Smith,D,0.705,0.233,0.6829999999999999,0.29600000000000004,0.6859999999999999,0.299,0.271125684768475,0.728874315231525,0,-21,Solid D,-3,0,1,0
WA-10,0.09025146070462728,0.306474305298496,0.562830058982941,0.04044417501393578,Denny Heck,D,0.513,0.39899999999999997,0.563,0.41100000000000003,0.5720000000000001,0.41,0.413347833867926,0.586652166132074,0,-5,Solid D,-3,0,0.9991,0
WI-01,0.2163419334715185,0.4066447041956971,0.28089891515707177,0.09611444717571252,Paul Ryan,R,0.423,0.526,0.474,0.516,0.508,0.48100000000000004,0.64947141102909,0.302059309235134,0.04846927973577609,5,Lean R,1,1,0.1783,0
WI-02,0.2977812304857133,0.32953463433614827,0.24391646807573328,0.12876766710240523,Mark Pocan,D,0.6579999999999999,0.29,0.6829999999999999,0.305,0.701,0.28600000000000003,0.311621363613526,0.687175300205999,0.00120333618047531,-18,Solid D,-3,0,1,0
WI-03,0.5503073687182121,0.30753881807618083,0.12346792631164367,0.018685886893963517,Ron Kind,D,0.44799999999999995,0.493,0.5479999999999999,0.43799999999999994,0.594,0.391,0,0.988596996581788,0.011403003418212553,0,Solid D,-3,0,0.9961,0
WI-04,0,0.03693957665392049,0.307625139048598,0.6554352842974815,Gwen Moore,D,0.74,0.218,0.753,0.23800000000000002,0.7440000000000001,0.24600000000000002,0,0.767424514393065,0.23257548560693475,-25,Solid D,-3,0,1,0
WI-05,0.18632932506143834,0.44585087833924425,0.2526919566188217,0.11512783998049571,F. Sensenbrenner,R,0.373,0.574,0.377,0.613,0.418,0.5720000000000001,0.667033394397765,0.292896910276223,0.0400696953260124,13,Solid R,3,0,0.011,0
WI-06,0.4022408859265415,0.32415712245800177,0.22702813415311277,0.04657385746234403,Glenn Grothman,R,0.38799999999999996,0.557,0.45799999999999996,0.531,0.494,0.493,0.571547358076952,0.37255972428699,0.0558929176360577,8,Likely R,2,1,0.2372,0
WI-07,0.7374115761038426,0.19479220267761654,0.061157803019700765,0.0066384181988400825,Sean Duffy,R,0.373,0.5770000000000001,0.478,0.509,0.532,0.45299999999999996,0.616715111063265,0.382705212396245,5.79676540490406e-4,8,Solid R,3,0,0.0071,0
WI-08,0.4136834994662961,0.2884285757472361,0.2637267065154395,0.034161218271028256,Mike Gallagher,R,0.386,0.562,0.47600000000000003,0.513,0.537,0.45,0.626455550057727,0.37297817362142,5.662763208532631e-4,7,Solid R,3,0,0.004,0
WV-01,0.514883928209699,0.32589231454847467,0.14305716485030182,0.016166592391524532,David McKinley,R,0.264,0.68,0.355,0.622,0.415,0.5670000000000001,0.689733885225081,0.310266114774918,0,19,Solid R,3,0,8e-4,0
WV-02,0.5010973506819251,0.3820364013296179,0.10731321843677116,0.009553029551685858,Alexander Mooney,R,0.294,0.6579999999999999,0.38,0.6,0.439,0.547,0.581813448808747,0.418186551191254,0,17,Solid R,3,0,0.047,0
WV-03,0.676020699648106,0.2124214448354378,0.09835810391223349,0.013199751604222728,Vacant,Vacant,0.233,0.725,0.32799999999999996,0.65,0.423,0.557,0.678819477938765,0.239750737946868,0.0814297841143673,23,Lean R,1,1,0.0884,0
WY-AL,0.49199954033161303,0.2824645086265006,0.21175447533484612,0.013781475707040301,Liz Cheney,R,0.225,0.701,0.28,0.6920000000000001,0.327,0.652,0.620297407219115,0.299734684799187,0.07996790798169796,25,Solid R,3,0,1e-4,0
