CD,Cluster,Very low density,Low density,Medium density,High density,obama08,mccain08,kerry04,bush04,gore00,bush00,cong_D10,cong_R10,incumbent2010,Incumbent,winner2010,cong_D08,cong_R08
AK-AL,Pure rural,0.5029448165456027,0.19602636325364564,0.202034267724163,0.0989945524765886,0.38,0.59,0.36,0.61,0.28,0.59,0.314,0.6859999999999999,R,"Young, Don",R,0.44974730107452254,0.5014196568847049
AL-01,Rural-suburban mix,0.4021594888948265,0.389192330724085,0.1961830231959144,0.01246515718517415,0.39,0.61,0.35,0.64,0.38,0.6,0,0.83,R,"Bonner, Jo",R,0,0.9827072263921219
AL-02,Pure rural,0.552117960185646,0.2810468079513434,0.16185475479834438,0.004980477064666188,0.36,0.63,0.33,0.67,0.38,0.61,0.489,0.511,D,"Bright, Bobby",R,0.5023347738644509,0.4961063905300737
AL-03,Pure rural,0.4952719777736213,0.4044300296439968,0.09435380211248269,0.005944190469899166,0.43,0.56,0.41,0.58,0.47,0.52,0.405,0.595,R,"Rogers, Mike",R,0.45842798727850975,0.5403150083295472
AL-04,Pure rural,0.7540775450439899,0.23641866779983398,0.009503787156176073,0,0.23,0.76,0.28,0.71,0.37,0.61,0,1,R,"Aderholt, Robert B.",R,0.2510839124966276,0.7475899333883048
AL-05,Rural-suburban mix,0.4070979945250352,0.40738775288899937,0.18551425258596543,0,0.38,0.61,0.39,0.6,0.44,0.54,0.42100000000000004,0.579,R,"Griffith, Parker",R,0.5152400726368612,0.47940979295891073
AL-06,Rural-suburban mix,0.35230304430821563,0.4894293559859635,0.13842965315201322,0.019837946553807717,0.23,0.76,0.22,0.78,0.25,0.74,0,1,R,"Bachus, Spencer",R,0,0.9779450418991982
AL-07,Rural-suburban mix,0.305442902490277,0.33498179310115583,0.32412117584909755,0.0354541285594696,0.72,0.27,0.64,0.35,0.66,0.33,0.725,0.275,D,"Davis, Artur",D,0.9862624675767476,0
AR-01,Pure rural,0.6300505748196146,0.3005929963035885,0.06935642887679695,0,0.38,0.59,0.47,0.52,0.5,0.48,0.436,0.516,D,"Berry, Marion",R,1,0
AR-02,Rural-suburban mix,0.34206130877043084,0.35680224441259184,0.29633060367831326,0.004805843138664079,0.44,0.54,0.48,0.51,0.48,0.49,0.38299999999999995,0.579,D,"Snyder, Vic",R,0.7654254667118536,0
AR-03,Rural-suburban mix,0.43709911933904233,0.3934186276083077,0.16948225305265,0,0.34,0.64,0.36,0.62,0.37,0.6,0.27699999999999997,0.723,R,"Boozman, John",R,0,0.7852550301774155
AR-04,Pure rural,0.6414869406663477,0.301689024474119,0.05682403485953326,0,0.39,0.58,0.48,0.51,0.49,0.48,0.5760000000000001,0.401,D,"Ross, Mike",D,0.8617233788982148,0
AZ-01,Pure rural,0.584809052707986,0.3126167044504955,0.10257424284151853,0,0.44,0.54,0.46,0.54,0.46,0.51,0.43799999999999994,0.498,D,"Kirkpatrick, Ann",R,0.5588173049675917,0.3942938515784452
AZ-02,Dense suburban,0.14269042372643478,0.2399261288867403,0.5393316580730262,0.07805178931379868,0.38,0.61,0.38,0.61,0.41,0.57,0.306,0.653,R,"Franks, Trent",R,0.37160489079145503,0.5943796723891569
AZ-03,Dense suburban,0.03467440009597061,0.18300067387021446,0.4548575438954309,0.32746738213838406,0.42,0.57,0.41,0.58,0.43,0.55,0.41,0.526,R,"Shadegg, John B.",R,0.4206955200773365,0.5407743103128714
AZ-04,Urban-suburban mix,0.0014034220716449461,0.14368336779047236,0.42177728285232957,0.4331359272855531,0.66,0.33,0.62,0.38,0.63,0.35,0.655,0.289,D,"Pastor, Ed",D,0.7210734004677442,0.2124538886254591
AZ-05,Dense suburban,0.030914014117023457,0.16020267080500994,0.4532028911969995,0.35568042388096716,0.47,0.52,0.45,0.54,0.43,0.54,0.424,0.529,D,"Mitchell, Harry E.",R,0.5315677777183314,0.43573555900344196
AZ-06,Dense suburban,0.030215811071083027,0.23127180984117893,0.6038218191927376,0.13469055989500042,0.38,0.61,0.35,0.64,0.37,0.61,0.294,0.662,R,"Flake, Jeff",R,0.3454975821124198,0.6241681030355262
AZ-07,Dense suburban,0.20104647513739024,0.24073542772790213,0.43096211691620706,0.12725598021850065,0.57,0.42,0.57,0.43,0.58,0.38,0.486,0.45799999999999996,D,"Grijalva, Raúl M.",D,0.6326257449526437,0.32788095007863033
AZ-08,Sparse suburban,0.1946802595067612,0.302890649598302,0.3481439897001989,0.15428510119473793,0.46,0.52,0.46,0.53,0.46,0.5,0.486,0.47600000000000003,D,"Giffords, Gabrielle",D,0.5472056198326967,0.4281680100893787
CA-01,Rural-suburban mix,0.3859240904890315,0.18827941115437935,0.266825995281669,0.15897050307492014,0.66,0.32,0.6,0.38,0.52,0.39,0.621,0.321,D,"Thompson, Mike",D,0.6810019554380456,0.23359566498664244
CA-02,Rural-suburban mix,0.42003915685845555,0.2869605491417199,0.24841908959981626,0.04458120440000832,0.43,0.55,0.37,0.62,0.33,0.61,0.436,0.564,R,"Herger, Wally",R,0.4210500217824798,0.5789499782175201
CA-03,Dense suburban,0.17337225883999077,0.1368601992480535,0.44306841643458755,0.2466991254773681,0.491,0.489,0.41,0.58,0.41,0.55,0.42700000000000005,0.506,R,"Lungren, Daniel E.",R,0.43933372817994815,0.4949083892168663
CA-04,Rural-suburban mix,0.3059915681312492,0.43062302156249993,0.2121955526028445,0.051189857703406366,0.44,0.54,0.37,0.61,0.36,0.59,0.317,0.613,R,"McClintock, Tom",R,0.4975661203959111,0.5024338796040889
CA-05,Urban-suburban mix,0.0010558801484746906,0.044976475747865445,0.4347700153074554,0.5191976287962045,0.7,0.28,0.61,0.38,0.6,0.35,0.7170000000000001,0.257,D,"Matsui, Doris O.",D,0.7426556035359816,0.20800795821934842
CA-06,Sparse suburban,0.10858960177754448,0.3511116961762231,0.36594550619329785,0.1743531958529346,0.76,0.22,0.7,0.28,0.62,0.3,0.652,0.304,D,"Woolsey, Lynn C.",D,0.7169139910476273,0.24058096778019866
CA-07,Dense suburban,0.05054303382170173,0.230672891666796,0.3490314916159576,0.3697525828955447,0.72,0.27,0.67,0.32,0.66,0.31,0.6729999999999999,0.327,D,"Miller, George",D,0.7282012837932812,0.2179381785810123
CA-08,Pure urban,0.006280434576560054,0.0060464928874618285,0.02050288957276243,0.9671701829632157,0.85,0.12,0.85,0.14,0.77,0.15,0.804,0.14800000000000002,D,"Pelosi, Nancy",D,0.7186613706717336,0.09680732838557461
CA-09,Pure urban,0.00569833306339298,0.061205376459634725,0.12676477346642337,0.806331517010549,0.88,0.1,0.86,0.13,0.79,0.13,0.8340000000000001,0.11599999999999999,D,"Lee, Barbara",D,0.8606448126801153,0.09696325648414986
CA-10,Dense suburban,0.06773758175386904,0.29047072530315254,0.3631397305178418,0.27865196242513657,0.65,0.33,0.59,0.4,0.55,0.41,0.581,0.385,D,"Garamendi, John",D,0.6512493012382905,0.31127335558077684
CA-11,Dense suburban,0.115349360829709,0.27119522631571064,0.4102006288648884,0.20325478398969196,0.54,0.44,0.45,0.54,0.45,0.53,0.474,0.475,D,"McNerney, Jerry",R,0.5527256599107575,0.4472340196763615
CA-12,Urban-suburban mix,0,0.09443655576746472,0.2118470032922613,0.693716440940274,0.74,0.24,0.72,0.27,0.67,0.29,0.748,0.22899999999999998,D,"Speier, Jackie",D,0.7511326460635631,0.1845885187725077
CA-13,Urban-suburban mix,0.022891534342801112,0.0788962786501037,0.20014167533937052,0.6980705116677246,0.74,0.24,0.71,0.28,0.67,0.3,0.715,0.285,D,"Stark, Fortney Pete",D,0.7643029925415529,0.2356970074584471
CA-14,Urban-suburban mix,0.0701839785069005,0.16765374502944871,0.21169681226992396,0.5504654641937268,0.73,0.25,0.68,0.3,0.62,0.34,0.6829999999999999,0.287,D,"Eshoo, Anna G.",D,0.6976712640138434,0.2222051135405439
CA-15,Urban-suburban mix,0.015243906146425516,0.08305617939934307,0.18558443560034282,0.7161154788538886,0.68,0.3,0.63,0.36,0.6,0.36,0.665,0.335,D,"Honda, Michael M.",D,0.7166172790866302,0.23257149323732443
CA-16,Urban-suburban mix,0.013360709315361258,0.0746216411556843,0.2189457890461471,0.6930718604828073,0.7,0.29,0.63,0.36,0.64,0.33,0.6709999999999999,0.255,D,"Lofgren, Zoe",D,0.7134034978351605,0.24058696615642367
CA-17,Urban-suburban mix,0.20093399106332957,0.1734925507241718,0.2623165952479309,0.3632568629645677,0.72,0.26,0.66,0.33,0.6,0.33,0.664,0.303,D,"Farr, Sam",D,0.7387917384724397,0.25822522372783496
CA-18,Dense suburban,0.12579565778219023,0.26272041049789124,0.4334479014628477,0.17803603025707077,0.59,0.39,0.49,0.5,0.53,0.44,0.5760000000000001,0.424,D,"Cardoza, Dennis A.",D,1,0
CA-19,Dense suburban,0.24746322781730345,0.1851913704283752,0.40517014232926934,0.16217525942505204,0.46,0.52,0.38,0.61,0.39,0.58,0.353,0.647,R,"Radanovich, George",R,0,0.9843163958462612
CA-20,Sparse suburban,0.24036341869462294,0.2401860581108669,0.36472380331479604,0.15472671987971418,0.6,0.39,0.51,0.48,0.55,0.44,0.511,0.489,D,"Costa, Jim",D,0.7433455062689287,0.25665449373107135
CA-21,Sparse suburban,0.25541905750473454,0.2292521393168819,0.4191979051707585,0.09613089800762512,0.42,0.56,0.34,0.65,0.37,0.61,0,1,R,"Nunes, Devin",R,0.3160736839596788,0.6839263160403213
CA-22,Sparse suburban,0.2386739605310868,0.24272891720209044,0.39027773958485007,0.12831938268197263,0.38,0.6,0.31,0.68,0.33,0.64,0,1,R,"McCarthy, Kevin",R,0,1
CA-23,Urban-suburban mix,0.04623020551455317,0.24479810917355538,0.30870377938703103,0.4002679059248605,0.66,0.32,0.58,0.4,0.54,0.4,0.5710000000000001,0.384,D,"Capps, Lois",D,0.6807433237485504,0.31925667625144966
CA-24,Dense suburban,0.16674174022816945,0.259424867634012,0.39925819144640495,0.17457520069141366,0.51,0.48,0.43,0.56,0.43,0.54,0.39899999999999997,0.601,R,"Gallegly, Elton",R,0.4184608001279778,0.5815391998720222
CA-25,Sparse suburban,0.19421147164211516,0.2593446692895526,0.418549803927848,0.12789405514048427,0.49,0.48,0.4,0.59,0.42,0.56,0.377,0.623,R,"McKeon, Howard P. ""Buck''",R,0.42272007151151886,0.5772799284884811
CA-26,Dense suburban,0.0098680566165772355,0.15821979928317684,0.5123778286036539,0.319534315496592,0.51,0.47,0.44,0.55,0.44,0.53,0.363,0.5479999999999999,R,"Dreier, David",R,0.4044435293677236,0.5263916445176506
CA-27,Urban-suburban mix,0.007178159459510461,0.06419954255505263,0.25875653710747215,0.6698657608779647,0.66,0.32,0.59,0.39,0.6,0.36,0.648,0.35200000000000004,D,"Sherman, Brad",D,0.6850940869687786,0.24832381892076022
CA-28,Pure urban,3.032460669261555e-6,0.02270283186127539,0.1533620905829901,0.8239320450950652,0.76,0.22,0.71,0.28,0.73,0.24,0.695,0.225,D,"Berman, Howard L.",D,0.9989100500650336,0
CA-29,Pure urban,2.6402627928900407e-5,0.044466691132001385,0.14631053175039035,0.8091963744896794,0.68,0.3,0.61,0.37,0.58,0.38,0.653,0.316,D,"Schiff, Adam B.",D,0.6891451089825779,0.2673985594690399
CA-30,Urban-suburban mix,0.02639813982799039,0.15464111842897188,0.2327367825307305,0.5862239592123073,0.7,0.28,0.66,0.33,0.68,0.28,0.647,0.32,D,"Waxman, Henry A.",D,1,0
CA-31,Pure urban,2.6826128239315915e-4,0,0.06967533112332491,0.930056407594282,0.8,0.18,0.77,0.22,0.77,0.19,0.841,0.159,D,"Becerra, Xavier",D,1,0
CA-32,Urban-suburban mix,0.0022141624287696396,0.034770903151529496,0.2690647069288364,0.6939502274908644,0.68,0.3,0.62,0.37,0.67,0.31,0.7120000000000001,0.28800000000000003,D,"Chu, Judy",D,0.9999385324625433,0
CA-33,Pure urban,1.5601612516747425e-6,0,0.0425425633374967,0.9574558765012516,0.87,0.12,0.83,0.16,0.83,0.14,0.863,0.13699999999999998,D,"Watson, Diane E.",D,0.8756863112526937,0.12431368874730629
CA-34,Pure urban,0.002301685849320527,0.028948361003970854,0.07230034345906021,0.8964496096876484,0.75,0.23,0.69,0.3,0.72,0.26,0.774,0.226,D,"Roybal-Allard, Lucille",D,0.7709460041168046,0.22905399588319544
CA-35,Pure urban,4.5289873943244585e-6,0,0.08415679080204448,0.9158386802105613,0.84,0.14,0.79,0.2,0.82,0.17,0.7929999999999999,0.207,D,"Waters, Maxine",D,0.8258233422244617,0.132375574408886
CA-36,Pure urban,9.902421106829733e-4,0,0.09077812824597206,0.908231629643345,0.64,0.34,0.59,0.4,0.57,0.39,0.596,0.349,D,"Harman, Jane",D,0.6864438243290178,0.3135561756709822
CA-37,Pure urban,1.3082600671272563e-4,0.012141403052091044,0.199580902747377,0.7881468681938193,0.8,0.19,0.74,0.25,0.76,0.22,0.691,0.22699999999999998,D,"Richardson, Laura",D,0.7494465113094287,0
CA-38,Urban-suburban mix,0.003667160224220329,0.06671740546184296,0.29267637920651673,0.63693905510742,0.71,0.27,0.65,0.34,0.7,0.28,0.74,0.26,D,"Napolitano, Grace F.",D,0.8172717230298009,0
CA-39,Pure urban,0,0.016351111734114465,0.21140025160917447,0.7722486366567111,0.65,0.32,0.59,0.4,0.62,0.36,0.639,0.32,D,"Sánchez, Linda T.",D,0.6967389974530369,0.3032610025469631
CA-40,Urban-suburban mix,7.496388712386157e-4,0.03135472142368698,0.3107418988273588,0.6571537408777155,0.47,0.51,0.39,0.6,0.41,0.56,0.32799999999999996,0.672,R,"Royce, Edward R.",R,0.3745095923520145,0.6254904076479855
CA-41,Sparse suburban,0.15436894568858128,0.450772448785196,0.3493259136983761,0.04553269182784652,0.44,0.54,0.37,0.62,0.41,0.56,0.37,0.63,R,"Lewis, Jerry",R,0.38350985697719364,0.6164901430228064
CA-42,Dense suburban,0.019233848463666298,0.22986234237213815,0.5327169630457388,0.21818684611845673,0.45,0.53,0.37,0.62,0.39,0.59,0.314,0.626,R,"Miller, Gary G.",R,0.3984193716223658,0.6015806283776343
CA-43,Dense suburban,0.009061377750464927,0.11737566623133477,0.5630392732419156,0.3105236827762848,0.68,0.3,0.58,0.41,0.64,0.34,0.629,0.371,D,"Baca, Joe",D,0.6914371115979332,0.3085628884020668
CA-44,Dense suburban,0.023158105510590134,0.2935773234662737,0.4888387752223604,0.19442579580077576,0.5,0.49,0.4,0.59,0.44,0.53,0.418,0.5820000000000001,R,"Calvert, Ken",R,0.48808834363562587,0.5119116563643742
CA-45,Dense suburban,0.14678177501119807,0.2241180547177889,0.5007370795257634,0.12836309074524954,0.52,0.47,0.43,0.56,0.47,0.51,0.413,0.522,R,"Bono Mack, Mary",R,0.41708992005770273,0.5829100799422973
CA-46,Urban-suburban mix,0.007122255121242794,0.05225585474033528,0.3229510653263635,0.6176708248120585,0.48,0.5,0.42,0.57,0.42,0.55,0.381,0.619,R,"Rohrabacher, Dana",R,0.43077780543121247,0.5251667677380231
CA-47,Pure urban,3.0091652903008595e-5,0.0222709906906372,0.07814981858566027,0.8995490990707996,0.6,0.38,0.49,0.5,0.56,0.42,0.51,0.42100000000000004,D,"Sanchez, Loretta",D,0.6948957793889177,0.2543371310201968
CA-48,Urban-suburban mix,7.91794056781461e-4,0.14878733492664242,0.4123638365395905,0.43805703447698563,0.491,0.489,0.4,0.58,0.4,0.58,0.36200000000000004,0.602,R,"Campbell, John",R,0.4066607926090534,0.55606377671670415
CA-49,Dense suburban,0.14466671715557794,0.2724245656690405,0.4255179466560408,0.1573907705193408,0.45,0.53,0.36,0.63,0.39,0.59,0.312,0.633,R,"Issa, Darrell E.",R,0.3745294386504342,0.582955914738023
CA-50,Dense suburban,0.01871025403283872,0.23279204405363682,0.5095008007410872,0.23899690117243724,0.51,0.47,0.44,0.55,0.43,0.54,0.387,0.57,R,"Bilbray, Brian P.",R,0.4517834017007866,0.5023955190078532
CA-51,Urban-suburban mix,0.10227919493654802,0.1466361867514655,0.3203856301387025,0.43069898817328395,0.63,0.35,0.53,0.46,0.57,0.41,0.596,0.40399999999999997,D,"Filner, Bob",D,0.727491720838955,0.24209493437998283
CA-52,Dense suburban,0.08257444570460631,0.15122114053251617,0.5076625743248547,0.2585418394380227,0.45,0.53,0.38,0.61,0.4,0.57,0.317,0.636,R,"Hunter, Duncan",R,0.38946404898680637,0.5636709242542207
CA-53,Pure urban,0.026333056406031397,0.051913450546848955,0.16204397693739003,0.7597095161097297,0.68,0.3,0.61,0.38,0.58,0.38,0.617,0.348,D,"Davis, Susan A.",D,0.6848672423601736,0.2745073065525469
CO-01,Urban-suburban mix,0.0028245883094945154,0.06636574147286659,0.2889564096738355,0.6418532605438034,0.74,0.24,0.68,0.31,0.61,0.33,0.6759999999999999,0.28800000000000003,D,"DeGette, Diana",D,0.7193529368153109,0.23776253402483327
CO-02,Dense suburban,0.1916729165473262,0.1913495837248672,0.40132558498716037,0.21565191474064627,0.64,0.34,0.58,0.41,0.52,0.43,0.561,0.392,D,"Polis, Jared",D,0.6259711753980512,0.33858745514301974
CO-03,Pure rural,0.5054408697849216,0.2576514111597144,0.20380475705636075,0.03310296199900327,0.47,0.5,0.44,0.55,0.39,0.54,0.457,0.502,D,"Salazar, John T.",R,0.6161274790366393,0.38387252096336066
CO-04,Rural-suburban mix,0.3248175632447301,0.2107705218534408,0.3647739981341679,0.09963791676766118,0.49,0.5,0.41,0.58,0.37,0.57,0.405,0.534,D,"Markey, Betsy",R,0.5619686961947099,0.4380313038052901
CO-05,Dense suburban,0.20381171014418387,0.21876532181745142,0.47808161914540337,0.09934134889296141,0.4,0.59,0.33,0.66,0.31,0.63,0.28800000000000003,0.662,R,"Lamborn, Doug",R,0.3704042340526635,0.6003014960100935
CO-06,Dense suburban,0.14325357568918104,0.25516809036768157,0.4840593457182525,0.1175189882248849,0.46,0.53,0.39,0.6,0.37,0.6,0.312,0.6609999999999999,R,"Coffman, Mike",R,0.39331056931016306,0.6066894306898369
CO-07,Dense suburban,0.041501357816815625,0.16706676989784922,0.4885159495705868,0.3029159227147484,0.59,0.4,0.51,0.48,0.5,0.49,0.531,0.42200000000000004,D,"Perlmutter, Ed",D,0.6348204705212523,0.3651795294787477
CT-01,Sparse suburban,0.04740494264254423,0.44059714586433474,0.3130463748606112,0.19895153663250983,0.66,0.33,0.6,0.39,0.62,0.33,0.616,0.369,D,"Larson, John B.",D,0.7155743223811312,0.26005136065124496
CT-02,Rural-suburban mix,0.27364846386028974,0.5625568235962037,0.1342652392947859,0.02952947324872057,0.59,0.4,0.54,0.44,0.54,0.4,0.603,0.384,D,"Courtney, Joe",D,0.6567215926151789,0.32371742286582816
CT-03,Sparse suburban,0.012630222319498003,0.3912648163917403,0.3841196117008923,0.21198534958786933,0.63,0.36,0.56,0.42,0.6,0.34,0.626,0.361,D,"DeLauro, Rosa L.",D,0.7740308304861316,0.1970050577062764
CT-04,Sparse suburban,0.01128134397722643,0.4260615827103025,0.24416546838055272,0.3184916049319183,0.6,0.4,0.52,0.46,0.53,0.43,0.501,0.499,D,"Himes, James A.",D,0.5132361323418918,0.47560043526698964
CT-05,Sparse suburban,0.10403499923739121,0.509798848989763,0.22217180038387283,0.16399435138897295,0.56,0.42,0.491,0.489,0.52,0.43,0.541,0.45899999999999996,D,"Murphy, Christopher S.",D,0.5925090118517001,0.3895961434891643
DE-AL,Sparse suburban,0.19509563063655014,0.4272530052320104,0.29259945608474563,0.08505190804669385,0.62,0.37,0.53,0.46,0.55,0.42,0.568,0.41,R,"Castle, Michael N.",D,0.37989710914576724,0.6107996482097874
FL-01,Rural-suburban mix,0.28328049385682186,0.49598562511080524,0.2150752199564634,0.005658661075909524,0.32,0.67,0.28,0.72,0.31,0.69,0,0.8059999999999999,R,"Miller, Jeff",R,0.2981596832409855,0.7018403167590145
FL-02,Pure rural,0.4809422680843437,0.30328187902230364,0.1630000009776068,0.05277585191574587,0.45,0.54,0.46,0.54,0.47,0.53,0.414,0.535,D,"Boyd, Allen",R,0.6187911532764215,0.38075503686134826
FL-03,Dense suburban,0.125381656858532,0.2443913982261285,0.5375790847392391,0.09264786017610045,0.73,0.26,0.65,0.35,0.65,0.35,0.627,0.342,D,"Brown, Corrine",D,1,0
FL-04,Rural-suburban mix,0.301236597501134,0.3005902252499957,0.3804246329039024,0.017748544344967865,0.38,0.61,0.31,0.69,0.34,0.66,0,0.772,R,"Crenshaw, Ander",R,0.3474531361918461,0.652546863808154
FL-05,Rural-suburban mix,0.29817236913317874,0.5357057770088195,0.16612185385800174,0,0.43,0.56,0.41,0.58,0.46,0.54,0.32799999999999996,0.672,R,"Brown-Waite, Ginny",R,0.3884538041472954,0.6115461958527046
FL-06,Rural-suburban mix,0.2614794606626718,0.5157821737188139,0.19342048946595927,0.02931787615255507,0.43,0.56,0.39,0.61,0.42,0.58,0,0.715,R,"Stearns, Cliff",R,0.39112484898268335,0.6088751510173167
FL-07,Sparse suburban,0.12984534228888722,0.5359441436260955,0.3310373801479741,0.0031731339370431122,0.46,0.53,0.43,0.57,0.46,0.54,0,0.31,R,"Mica, John L.",R,0.3799663907452476,0.6200336092547525
FL-08,Sparse suburban,0.09745588740276953,0.42911814423163286,0.37894011181896936,0.09448585654662833,0.53,0.47,0.45,0.55,0.46,0.54,0.382,0.562,D,"Grayson, Alan",R,0.5201056736393617,0.4798943263606384
FL-09,Sparse suburban,0.03776574977733612,0.3807039691859587,0.5169828591162633,0.06454742192044194,0.47,0.52,0.43,0.57,0.46,0.54,0.28600000000000003,0.7140000000000001,R,"Bilirakis, Gus M.",R,0.36266928451279934,0.621712622496254
FL-10,Dense suburban,0.005874909582554292,0.13410972408976193,0.5990846758353623,0.2609306904923215,0.51,0.47,0.49,0.51,0.51,0.49,0.341,0.659,R,"Young, C. W. Bill",R,0.39316778434366906,0.606802337162207
FL-11,Dense suburban,0.018672959023695822,0.13071382097418274,0.6039605276880415,0.24665269231407985,0.66,0.33,0.58,0.41,0.61,0.39,0.598,0.402,D,"Castor, Kathy",D,0.7165581420692715,0.28344185793072846
FL-12,Sparse suburban,0.11302931253606932,0.5727336626232413,0.30283002454609403,0.011407000294595399,0.49,0.5,0.42,0.58,0.45,0.55,0.41100000000000003,0.48100000000000004,R,"Putnam, Adam H.",R,0.4253735730885033,0.5746264269114967
FL-13,Sparse suburban,0.10899655525982585,0.4494593035613485,0.3941209433400134,0.04742319783881226,0.47,0.52,0.44,0.56,0.46,0.55,0.311,0.6890000000000001,R,"Buchanan, Vern",R,0.3749144012434918,0.5553919064337656
FL-14,Sparse suburban,0.08738140989235174,0.5143707010304683,0.3829943952956884,0.015253493781491583,0.42,0.57,0.38,0.62,0.39,0.61,0.27699999999999997,0.682,R,"Mack, Connie",R,0.2476640089337931,0.5943565737209936
FL-15,Sparse suburban,0.10489359856379339,0.5444438993349628,0.33269617759384706,0.017966324507396804,0.48,0.51,0.43,0.57,0.46,0.54,0.353,0.647,R,"Posey, Bill",R,0.41990377786559296,0.5309930886973535
FL-16,Sparse suburban,0.1852497384341075,0.48662812417486273,0.323236868801376,0.004885268589653885,0.47,0.52,0.46,0.54,0.47,0.53,0.331,0.669,R,"Rooney, Thomas J.",R,0.399067135866593,0.600932864133407
FL-17,Urban-suburban mix,9.530562774007973e-6,0.007966729299895071,0.4163456188072377,0.5756781213300933,0.87,0.12,0.83,0.17,0.85,0.15,0.863,0,D,"Meek, Kendrick B.",D,1,0
FL-18,Urban-suburban mix,0.05379880859467524,0.11681745491993258,0.18186783115300845,0.6475159053323838,0.51,0.49,0.46,0.54,0.43,0.57,0.312,0.688,R,"Ros-Lehtinen, Ileana",R,0.4213030219474956,0.5786969780525044
FL-19,Dense suburban,0.003019963133609941,0.12014157473107007,0.5412327237757275,0.3356057383595925,0.65,0.34,0.66,0.34,0.73,0.27,0.627,0.373,D,"Deutch, Theodore E.",D,0.661572494739181,0.2723764524435034
FL-20,Urban-suburban mix,0,0.12775791113060384,0.44178379050724365,0.43045829836215255,0.63,0.36,0.64,0.36,0.69,0.31,0.602,0.38,D,"Wasserman Schultz, Debbie",D,0.7747623176559116,0
FL-21,Urban-suburban mix,0,0.09565166136986701,0.4084254121415186,0.4959229264886144,0.49,0.51,0.43,0.57,0.42,0.58,0,1,R,"Diaz-Balart, Lincoln",R,0.4209922279136885,0.5790077720863115
FL-22,Dense suburban,0.010053273285957239,0.13376634165264253,0.6119711027075169,0.24420928235388334,0.52,0.48,0.52,0.48,0.52,0.48,0.457,0.5429999999999999,D,"Klein, Ron",R,0.5467910503281568,0.4531895416802792
FL-23,Dense suburban,0.05945722691337495,0.12089612274102182,0.4997968163529144,0.31984983399268885,0.83,0.17,0.76,0.24,0.8,0.2,0.7909999999999999,0.209,D,"Hastings, Alcee L.",D,0.8218262912137552,0.177983509742946
FL-24,Sparse suburban,0.14061844347678723,0.38891614418634507,0.4360975500017019,0.03436786233516574,0.49,0.51,0.45,0.55,0.47,0.53,0.40299999999999997,0.597,D,"Kosmas, Suzanne M.",R,0.572011803882286,0.4111405907355768
FL-25,Dense suburban,0.09657459525593076,0.19279500396115906,0.34769767152299086,0.3629327292599194,0.49,0.5,0.44,0.56,0.45,0.55,0.424,0.524,R,"Diaz-Balart, Mario",R,0.4694561653108293,0.5305438346891708
GA-01,Pure rural,0.6290753219686623,0.27693522621126654,0.09398945182007105,0,0.36,0.63,0.34,0.66,0.38,0.62,0.28300000000000003,0.7170000000000001,R,"Kingston, Jack",R,0.3346675543648279,0.6653324456351721
GA-02,Pure rural,0.6089728549048398,0.2279660753369821,0.1602635028868991,0.0027975668712789353,0.54,0.46,0.499,0.501,0.52,0.48,0.514,0.486,D,"Bishop, Sanford D. Jr.",D,0.6894893509613292,0.31051064903867076
GA-03,Rural-suburban mix,0.35808682457595187,0.5890240786606219,0.052889096763426145,0,0.35,0.64,0.29,0.7,0.33,0.67,0.309,0.691,R,"Westmoreland, Lynn A.",R,0.3430497985871913,0.6569414443341701
GA-04,Dense suburban,0.01419182520378743,0.2913460746435737,0.6031530083997767,0.0913090917528621,0.79,0.21,0.71,0.28,0.7,0.3,0.746,0.254,D,"Johnson, Henry C. ""Hank'' Jr.",D,0.9991099005758943,0
GA-05,Dense suburban,0.003835319197533214,0.19034515969393584,0.5462579815244838,0.2595615395840471,0.79,0.2,0.74,0.26,0.73,0.27,0.737,0.263,D,"Lewis, John",D,0.9995420651995472,0
GA-06,Sparse suburban,0.04368842514430784,0.4236894236326889,0.47858338280950236,0.05403876841350098,0.37,0.62,0.29,0.7,0.32,0.68,0,1,R,"Price, Tom",R,0.3151734398987195,0.6848265601012805
GA-07,Sparse suburban,0.05225934363001781,0.7150561195686962,0.2201402128359021,0.012544323965383878,0.39,0.6,0.3,0.7,0.31,0.69,0.32899999999999996,0.6709999999999999,R,"Linder, John",R,0.3797157442824425,0.6202842557175575
GA-08,Rural-suburban mix,0.4578047156183351,0.45121878147863786,0.09097650290302704,0,0.43,0.56,0.39,0.61,0.42,0.58,0.474,0.526,D,"Marshall, Jim",R,0.5724369919217145,0.42756300807828546
GA-09,Rural-suburban mix,0.41827061492013495,0.5737896092183656,0.007939775861499498,0,0.24,0.75,0.23,0.77,0.29,0.71,0,1,R,"Graves, Tom",R,0.2448946290316981,0.7551053709683019
GA-10,Pure rural,0.529067234233496,0.3097793110000963,0.1557081404274289,0.005445314338978826,0.38,0.61,0.35,0.65,0.37,0.63,0.327,0.6729999999999999,R,"Broun, Paul C.",R,0.3927263508768324,0.6072736491231676
GA-11,Rural-suburban mix,0.30590371120387455,0.5348527936937808,0.15707327125075732,0.0021702238515872684,0.33,0.66,0.29,0.71,0.35,0.66,0,1,R,"Gingrey, Phil",R,0.31814020621312256,0.6818597937868774
GA-12,Pure rural,0.5183687219340744,0.2913821390528813,0.15362927724678432,0.03661986176625991,0.54,0.45,0.49,0.5,0.52,0.48,0.5670000000000001,0.433,D,"Barrow, John",D,0.6600036096015401,0.3399963903984599
GA-13,Sparse suburban,0.009795470087407655,0.5752607491608922,0.3882487460093259,0.026695034742374182,0.71,0.28,0.6,0.4,0.57,0.43,0.6920000000000001,0.308,D,"Scott, David",D,0.690449605853024,0.3095503941469761
HI-01,Urban-suburban mix,0.018303855271105392,0.13279471727758252,0.2814119914611369,0.5674894359901752,0.7,0.28,0.53,0.47,0.55,0.39,0.532,0.46799999999999997,R,"Djou, Charles K.",D,0.7713601144474957,0.19065412146040606
HI-02,Rural-suburban mix,0.38003775062500633,0.3286347903615279,0.21477425810481787,0.07655320090864796,0.73,0.25,0.56,0.44,0.56,0.36,0.723,0.252,D,"Hirono, Mazie K.",D,0.7606119845443615,0.20386482740897785
IA-01,Rural-suburban mix,0.34837863802576274,0.3281688275325555,0.25743113759403663,0.06602139684764512,0.58,0.41,0.53,0.46,0.52,0.45,0.495,0.47600000000000003,D,"Braley, Bruce L.",D,0.6456225032714266,0.3536904108359315
IA-02,Rural-suburban mix,0.3539693584341619,0.36867325112425425,0.23904899042612135,0.03830840001546252,0.6,0.38,0.55,0.44,0.53,0.43,0.51,0.46,D,"Loebsack, David",D,0.5719387122255661,0.3877098035631516
IA-03,Rural-suburban mix,0.28899762659706346,0.2811501348665973,0.377556391680008,0.052295846856331256,0.54,0.44,0.499,0.501,0.49,0.48,0.507,0.467,D,"Boswell, Leonard L.",D,0.5631016042780749,0.4206009676597912
IA-04,Pure rural,0.5573818637641164,0.3160904170228405,0.11624858282457214,0.01027913638847096,0.53,0.45,0.48,0.51,0.48,0.49,0.319,0.657,R,"Latham, Tom",R,0.3940783483082627,0.6052787033984875
IA-05,Pure rural,0.538237744024189,0.3040749636766975,0.1274527970241734,0.030234495274940126,0.44,0.54,0.39,0.6,0.4,0.57,0.32299999999999995,0.6579999999999999,R,"King, Steve",R,0.373573328032346,0.597973872633778
ID-01,Rural-suburban mix,0.38827153535465014,0.3650138973538435,0.24671456729150648,0,0.36,0.62,0.3,0.69,0.28,0.68,0.415,0.508,D,"Minnick, Walt",R,0.5060575111123897,0.4939424888876102
ID-02,Pure rural,0.4768299180585946,0.21113258739600313,0.2282493489296172,0.08378814561578496,0.36,0.61,0.3,0.69,0.28,0.67,0.24600000000000002,0.687,R,"Simpson, Michael K.",R,0.2889684325121354,0.7089231638457006
IL-01,Urban-suburban mix,0,0.06095614884253832,0.28087654493628395,0.6581673062211778,0.87,0.13,0.83,0.17,0.84,0.16,0.8,0.162,D,"Rush, Bobby L.",D,0.8586535591771464,0.1413464408228536
IL-02,Dense suburban,0,0.23575715309089693,0.40611659294346114,0.35812625396564196,0.9,0.1,0.84,0.16,0.83,0.17,0.805,0.139,D,"Jackson, Jesse L. Jr.",D,0.8941362509616206,0.1058530643644756
IL-03,Urban-suburban mix,0,0.05655884889490892,0.2916200386493819,0.6518211124557092,0.64,0.35,0.59,0.41,0.58,0.4,0.696,0.244,D,"Lipinski, Daniel",D,0.7327533499770724,0.21371919634517078
IL-04,Pure urban,0,0.016970596969816388,0.0348028737816353,0.9482265292485482,0.85,0.13,0.79,0.21,0.79,0.2,0.773,0.14400000000000002,D,"Gutierrez, Luis V.",D,0.806047018036474,0.11478016704153117
IL-05,Pure urban,0,0.017458786810057393,0.105171440352872,0.8773697728370707,0.73,0.26,0.67,0.33,0.66,0.34,0.706,0.254,D,"Quigley, Mike",D,0.7394279576598582,0.22036709803717755
IL-06,Dense suburban,0,0.20584978898718315,0.628423891445509,0.16572631956730782,0.56,0.43,0.47,0.53,0.44,0.53,0.363,0.637,R,"Roskam, Peter J.",R,0.42429538404051176,0.5757046159594882
IL-07,Pure urban,0,0.02245923351539844,0.1492777718652519,0.8282629946193497,0.88,0.12,0.83,0.17,0.83,0.16,0.8140000000000001,0.162,D,"Davis, Danny K.",D,0.8501753866272664,0.14982461337273362
IL-08,Sparse suburban,0.051183892661196356,0.4898512374287203,0.3747336802690123,0.084231189641071,0.56,0.43,0.44,0.56,0.42,0.56,0.48200000000000004,0.486,D,"Bean, Melissa L.",R,0.6072041282463413,0.39279587175365877
IL-09,Urban-suburban mix,0,0.015708390216724225,0.2522037031873026,0.7320879065959731,0.72,0.26,0.68,0.32,0.67,0.31,0.659,0.315,D,"Schakowsky, Janice D.",D,0.7466248656101504,0.21991924298505502
IL-10,Dense suburban,0.018812353203376604,0.30074126144976765,0.5367996088334299,0.14364677651342583,0.61,0.38,0.53,0.47,0.51,0.47,0.488,0.512,R,"Kirk, Mark Steven",R,0.4744110033029136,0.5255889966970865
IL-11,Rural-suburban mix,0.2766996211970123,0.41697740805314654,0.25010955081655456,0.05621341993328652,0.53,0.45,0.46,0.53,0.48,0.5,0.425,0.575,D,"Halvorson, Deborah L.",R,0.5840041523144435,0.3447930920586986
IL-12,Rural-suburban mix,0.3309964181495529,0.43613983897989733,0.21968970830270224,0.013174034567847454,0.54,0.44,0.52,0.48,0.54,0.43,0.596,0.36700000000000005,D,"Costello, Jerry F.",D,0.7139656785643619,0.24945251374165356
IL-13,Dense suburban,0.004222031973805148,0.2971412396433808,0.631705103856903,0.06693162452591102,0.54,0.45,0.45,0.55,0.42,0.55,0.596,0.36700000000000005,R,"Biggert, Judy",D,0.43647915303563656,0.5355344301316572
IL-14,Sparse suburban,0.11536715292353182,0.5108632739645173,0.2757193702760416,0.09805020283590939,0.55,0.44,0.44,0.55,0.43,0.54,0.45,0.514,D,"Foster, Bill",R,0.5774800113375507,0.42251998866244933
IL-15,Rural-suburban mix,0.40965972549623003,0.3698582858211382,0.13993308472378652,0.08054890395884527,0.48,0.5,0.41,0.59,0.43,0.54,0.35700000000000004,0.643,R,"Johnson, Timothy V.",R,0.3581063002119967,0.6418936997880034
IL-16,Rural-suburban mix,0.31156375499705397,0.3296637108978501,0.32480448036402887,0.03396805374106707,0.53,0.45,0.44,0.55,0.43,0.54,0.31,0.65,R,"Manzullo, Donald A.",R,0.3607968739991032,0.60867016847095
IL-17,Rural-suburban mix,0.3515203596131122,0.3102068073349282,0.30322162560251315,0.035051207449446516,0.56,0.42,0.51,0.48,0.54,0.44,0.423,0.531,D,"Hare, Phil",R,0.997665682370258,0
IL-18,Rural-suburban mix,0.39630329605846487,0.33895870330480693,0.22629049149416236,0.03844750914256587,0.48,0.5,0.42,0.58,0.44,0.54,0.258,0.691,R,"Schock, Aaron",R,0.3793826268672119,0.5888296225587575
IL-19,Pure rural,0.5718129805537454,0.31616693014413744,0.10258882138627437,0.009431267915842761,0.44,0.54,0.39,0.61,0.41,0.56,0.28800000000000003,0.7120000000000001,R,"Shimkus, John",R,0.3337822294186426,0.6446168909562754
IN-01,Sparse suburban,0.13188415886819213,0.4385689936751254,0.36022824964168604,0.06931859781499633,0.62,0.37,0.55,0.44,0.56,0.42,0.585,0.387,D,"Visclosky, Peter J.",D,0.7090014254207119,0.2717766699051847
IN-02,Rural-suburban mix,0.30013596333278475,0.37611699645154173,0.2971933004783619,0.02655373973731157,0.54,0.45,0.43,0.56,0.45,0.53,0.48200000000000004,0.46799999999999997,D,"Donnelly, Joe",D,0.6709099110064222,0.3023311592075777
IN-03,Rural-suburban mix,0.3830558393032586,0.37336781218185655,0.21587568825897224,0.02770066025591256,0.43,0.56,0.31,0.68,0.33,0.66,0.331,0.628,Vacant,Vacant,R,0.397021341280194,0.5503872680545392
IN-04,Rural-suburban mix,0.3254811945895805,0.4085237460537458,0.23259529739630813,0.03339976196036557,0.43,0.56,0.3,0.69,0.32,0.66,0.261,0.6859999999999999,R,"Buyer, Steve",R,0.40128248186986104,0.598717518130139
IN-05,Rural-suburban mix,0.25440085983913185,0.4306038484159383,0.3068392427957774,0.008156048949152544,0.4,0.59,0.28,0.71,0.3,0.69,0.253,0.622,R,"Burton, Dan",R,0.34451296144243176,0.6554870385575683
IN-06,Pure rural,0.490960537753376,0.31290604868374244,0.17800499471712897,0.01812841884575262,0.46,0.53,0.35,0.64,0.4,0.59,0.299,0.6659999999999999,R,"Pence, Mike",R,0.3337853915555996,0.6395195671572029
IN-07,Dense suburban,0,0.18889834014873685,0.6513771064911545,0.15972455336010855,0.71,0.28,0.58,0.42,0.56,0.43,0.589,0.37799999999999995,D,"Carson, André",D,0.6507751631178407,0.3492097595543142
IN-08,Rural-suburban mix,0.4601083948817842,0.3069194223030073,0.21181292382683034,0.021159258988378116,0.47,0.51,0.38,0.62,0.42,0.57,0.377,0.573,D,"Ellsworth, Brad",R,0.6474017196066726,0.3525982803933274
IN-09,Pure rural,0.5284639681553268,0.25413093249565105,0.19191909673733298,0.025486002611689124,0.49,0.5,0.4,0.59,0.42,0.56,0.42200000000000004,0.523,D,"Hill, Baron P.",R,0.5776886209226141,0.3840900689602427
KS-01,Pure rural,0.6129315218774751,0.23869146517835985,0.14380513373874385,0.004571879205421189,0.3,0.69,0.26,0.72,0.29,0.67,0.228,0.738,R,"Moran, Jerry",R,0,0
KS-02,Pure rural,0.517289237494979,0.2593064001346077,0.1999014483153914,0.023502914055021886,0.43,0.55,0.39,0.59,0.41,0.54,0.32299999999999995,0.632,R,"Jenkins, Lynn",R,0,0
KS-03,Dense suburban,0.06040230497636239,0.262759670895923,0.6022018283555491,0.07463619577216547,0.51,0.48,0.44,0.55,0.42,0.53,0.38299999999999995,0.5870000000000001,D,"Moore, Dennis",R,0,0
KS-04,Sparse suburban,0.2564309471364798,0.3234084941453407,0.38823154429722045,0.0319290144209591,0.4,0.58,0.34,0.64,0.37,0.59,0.369,0.583,R,"Tiahrt, Todd",R,0,0
KY-01,Pure rural,0.7398129593685209,0.2169663988768572,0.04322064175462181,0,0.37,0.62,0.36,0.63,0.4,0.58,0.28800000000000003,0.7120000000000001,R,"Whitfield, Ed",R,0.35649924490400525,0.6434826905985129
KY-02,Pure rural,0.5545090935837642,0.2908845626722865,0.15148542109469224,0.0031209226492570834,0.38,0.61,0.34,0.65,0.37,0.62,0.321,0.679,R,"Guthrie, Brett",R,0.4742702148421349,0.5257297851578652
KY-03,Dense suburban,0.008307064011514355,0.22952872338475144,0.5730187209997156,0.18914549160401853,0.56,0.43,0.51,0.49,0.5,0.48,0.545,0.441,D,"Yarmuth, John A.",D,0.593654075778315,0.4063459242216851
KY-04,Rural-suburban mix,0.41863971484452117,0.3287068120553712,0.19947852976998803,0.053174943330119455,0.38,0.6,0.36,0.63,0.37,0.61,0.305,0.695,R,"Davis, Geoff",R,0.36966254527619724,0.6303374547238028
KY-05,Pure rural,0.8729203273522222,0.12216065208351384,0.004919020564263953,0,0.31,0.67,0.39,0.61,0.42,0.57,0.226,0.774,R,"Rogers, Harold",R,0,0.8410969838645305
KY-06,Rural-suburban mix,0.32551615248193233,0.2931368564855635,0.26907299124108564,0.1122739997914185,0.43,0.55,0.41,0.58,0.42,0.56,0.501,0.499,D,"Chandler, Ben",D,0.6465783678468754,0.3534216321531246
LA-01,Rural-suburban mix,0.2563997690824108,0.30483644923894143,0.2287499778898579,0.21001380378878987,0.26,0.73,0.28,0.71,0.31,0.67,0.192,0.785,R,"Scalise, Steve",R,0.3431826309777193,0.6568173690222807
LA-02,Dense suburban,0.022750224123861334,0.1292759290992184,0.4581974168413686,0.3897764299355516,0.74,0.25,0.75,0.24,0.76,0.22,0.6459999999999999,0.335,R,"Cao, Anh ""Joseph''",D,0.46825752818396577,0.4953799228491971
LA-03,Pure rural,0.4878186405966457,0.3653402725766014,0.1413559820672533,0.005485104759499612,0.37,0.61,0.41,0.58,0.45,0.52,0.36200000000000004,0.638,D,"Melancon, Charlie",R,1,0
LA-04,Pure rural,0.4822167061038381,0.2937764902844197,0.20046043376268702,0.023546369849055088,0.4,0.59,0.4,0.59,0.43,0.55,0.324,0.623,R,"Fleming, John",R,0.47693687076005703,0.48071771161906407
LA-05,Pure rural,0.5905226850277757,0.3197047515731567,0.0897725633990675,0,0.37,0.62,0.37,0.62,0.4,0.57,0,0.7859999999999999,R,"Alexander, Rodney",R,0,1
LA-06,Sparse suburban,0.22983932186669587,0.3966857562859951,0.3498462293074028,0.023628692539906307,0.41,0.57,0.4,0.59,0.43,0.55,0.344,0.6559999999999999,R,"Cassidy, Bill",R,0.4029435112158148,0.4811917443408788
LA-07,Rural-suburban mix,0.35690189605765005,0.3871951306545063,0.24545946170122276,0.010443511586621013,0.35,0.63,0.39,0.6,0.42,0.55,0,1,R,"Boustany, Charles W. Jr.",R,0.34327748263179403,0.6188390458925809
MA-01,Rural-suburban mix,0.346756988073605,0.41874794559628875,0.15495785759028524,0.07953720873982101,0.64,0.34,0.63,0.35,0.56,0.33,0.6,0.349,D,"Olver, John W.",D,0.7284590626783609,0.2704061817162503
MA-02,Sparse suburban,0.10526817387621115,0.475687736840911,0.28330143938763624,0.13574264989524162,0.59,0.39,0.59,0.4,0.58,0.35,0.58,0.42,D,"Neal, Richard E.",D,0.9847436974789916,0
MA-03,Sparse suburban,0.064032709960206,0.45923584620915875,0.25975297790601853,0.21697846592461673,0.59,0.39,0.59,0.4,0.59,0.35,0.565,0.392,D,"McGovern, James P.",D,0.9849074238339817,0
MA-04,Sparse suburban,0.08630404561653053,0.42154558717798496,0.23130793067799693,0.26084243652748756,0.64,0.35,0.65,0.33,0.65,0.29,0.539,0.434,D,"Frank, Barney",D,0.6795185884305929,0.2529251509431436
MA-05,Sparse suburban,0.044412529137313646,0.5146950093567171,0.17831902996875718,0.2625734315372121,0.59,0.39,0.57,0.41,0.57,0.36,0.547,0.425,D,"Tsongas, Niki",D,0.987068984347355,0
MA-06,Sparse suburban,0.021610031976695004,0.46672131979617354,0.2969541390517118,0.21471450917541962,0.58,0.41,0.58,0.41,0.57,0.36,0.574,0.426,D,"Tierney, John F.",D,0.7040384423862165,0.2951803854197789
MA-07,Urban-suburban mix,1.38853976327918e-5,0.15948756766988753,0.309588825620726,0.5309097213117537,0.65,0.33,0.66,0.33,0.64,0.29,0.66,0.34,D,"Markey, Edward J.",D,0.7563862306809842,0.24218866902758282
MA-08,Pure urban,0.002553154629377394,0.0077556999810639475,0.04646424111041236,0.9432269042791463,0.86,0.14,0.79,0.19,0.73,0.15,1,0,D,"Capuano, Michael E.",D,0.9855406582665789,0
MA-09,Dense suburban,0.008208896641045174,0.34928122306140874,0.35599246424231806,0.286517416055228,0.6,0.39,0.63,0.36,0.6,0.33,0.6859999999999999,0.258,D,"Lynch, Stephen F.",D,0.987247955514607,0
MA-10,Sparse suburban,0.08693201440072869,0.6988831511106721,0.11898780964714906,0.09519702484145,0.55,0.44,0.56,0.43,0.54,0.39,0.469,0.424,D,"Delahunt, Bill",D,0.9863593484004584,0
MD-01,Rural-suburban mix,0.32658457240226224,0.4617646047107082,0.19972331745192895,0.011927505435100643,0.4,0.58,0.36,0.62,0.4,0.57,0.415,0.547,D,"Kratovil, Frank Jr.",R,0.49119229915668,0.4832806258322237
MD-02,Dense suburban,0.021594662183197926,0.1706366501740575,0.443973438694963,0.3637952489477817,0.6,0.38,0.54,0.45,0.57,0.41,0.642,0.33399999999999996,D,"Ruppersberger, C. A. Dutch",D,0.7186184784300101,0.24811007009658637
MD-03,Dense suburban,0.009047338413611536,0.2445555482081719,0.43182593183864393,0.31457118153957253,0.59,0.39,0.54,0.45,0.55,0.41,0.607,0.364,D,"Sarbanes, John P.",D,0.696571698216435,0.30080903271692744
MD-04,Dense suburban,0.022300498721400233,0.20929121056635525,0.4486842402162159,0.3197240504960286,0.85,0.14,0.78,0.21,0.77,0.21,0.836,0.16399999999999998,D,"Edwards, Donna F.",D,0.8582528008068181,0.1285169740338585
MD-05,Rural-suburban mix,0.22722476373442993,0.4583722414936162,0.2374547284484238,0.0769482663235301,0.65,0.33,0.57,0.42,0.57,0.41,0.638,0.35100000000000003,D,"Hoyer, Steny H.",D,0.736468315099611,0.23972485501507146
MD-06,Rural-suburban mix,0.3707145617160331,0.4316409543850957,0.12584047309184718,0.07180401080702396,0.4,0.58,0.34,0.65,0.36,0.61,0.32899999999999996,0.618,R,"Bartlett, Roscoe G.",R,0.38787722934031194,0.5776271801775908
MD-07,Urban-suburban mix,0.05183413915526115,0.1431017288201,0.2667228737920837,0.5383412582325552,0.79,0.2,0.73,0.26,0.73,0.25,0.75,0.23199999999999998,D,"Cummings, Elijah E.",D,0.7949758758128802,0.18581567722536885
MD-08,Urban-suburban mix,0.011740754729932973,0.11547046389838958,0.4510714527239533,0.4217173286477241,0.74,0.25,0.69,0.3,0.66,0.31,0.73,0.253,D,"Van Hollen, Chris",D,0.7507499656878444,0.21682341330788787
ME-01,Pure rural,0.5122682363148172,0.3368690306126265,0.09838073940001346,0.05248199367254287,0.61,0.38,0.55,0.43,0.5,0.43,0.5720000000000001,0.428,D,"Pingree, Chellie",D,0.5489896117834574,0.45101038821654266
ME-02,Pure rural,0.7849589146558439,0.14072980665185514,0.04060189801862859,0.033709380673672344,0.55,0.43,0.52,0.46,0.48,0.45,0.55,0.45,D,"Michaud, Michael H.",D,0.6743537321706373,0.3256462678293626
MI-01,Pure rural,0.7451117904698482,0.21016504551553916,0.037943944379935576,0.006779219634677205,0.5,0.48,0.46,0.53,0.45,0.52,0.409,0.519,D,"Stupak, Bart",R,0.6503739674715406,0.32741980746470795
MI-02,Rural-suburban mix,0.4555221778541421,0.3813693336383188,0.15547722177995235,0.007631266727586775,0.48,0.51,0.39,0.6,0.38,0.59,0.318,0.6509999999999999,R,"Hoekstra, Peter",R,0.3481003993486917,0.6236364324850208
MI-03,Sparse suburban,0.2597451861553193,0.30641894784874346,0.3400719159147202,0.09376395008121709,0.489,0.491,0.4,0.59,0.38,0.6,0.375,0.597,R,"Ehlers, Vernon J.",R,0.3536870573702169,0.6110584736056225
MI-04,Pure rural,0.6493957321083447,0.2255905819565138,0.12501368593514142,0,0.5,0.48,0.44,0.55,0.44,0.54,0.305,0.662,R,"Camp, Dave",R,0.3568157834087408,0.6194096384080736
MI-05,Sparse suburban,0.22582439382447902,0.39817128014813935,0.33703899297784173,0.03896533304953992,0.64,0.35,0.59,0.41,0.61,0.37,0.53,0.444,D,"Kildee, Dale E.",D,0.7035982175423017,0.269642715552102
MI-06,Rural-suburban mix,0.4638577986437239,0.36503111980378683,0.14570197820749375,0.02540910334499549,0.54,0.45,0.46,0.53,0.45,0.52,0.336,0.62,R,"Upton, Fred",R,0.3856047001995958,0.5886418100023151
MI-07,Pure rural,0.5048944271096815,0.31046093951027326,0.17039285575332516,0.014251777626720063,0.52,0.46,0.45,0.54,0.46,0.51,0.45399999999999996,0.501,D,"Schauer, Mark H.",R,0.4878058618742359,0.4647455986297884
MI-08,Rural-suburban mix,0.3135991259078596,0.39742162271022424,0.24552643496237858,0.04345281641953747,0.53,0.46,0.45,0.54,0.47,0.51,0.34299999999999997,0.6409999999999999,R,"Rogers, Mike",R,0.4023456404328456,0.5652766677636218
MI-09,Dense suburban,0.009686869775122755,0.344824522255178,0.5232952710874841,0.12219333688221515,0.56,0.43,0.49,0.51,0.47,0.51,0.494,0.47600000000000003,D,"Peters, Gary C.",D,0.5208246321346278,0.4262806033588758
MI-10,Rural-suburban mix,0.3201347758693139,0.3206724836226135,0.3247359269211319,0.03445681358694059,0.48,0.5,0.43,0.57,0.45,0.53,0.25,0.72,R,"Miller, Candice S.",R,0.31171767792567956,0.6630293754656893
MI-11,Dense suburban,0.01198324005278845,0.32728825982701704,0.5646053402444933,0.09612315987570125,0.54,0.45,0.47,0.53,0.47,0.51,0.385,0.593,R,"McCotter, Thaddeus G.",R,0.45374613971759825,0.5141084992844355
MI-12,Dense suburban,2.4661512900836475e-4,0.03374022329354862,0.6410430188632417,0.32497014271420144,0.65,0.33,0.61,0.39,0.61,0.37,0.611,0.35,D,"Levin, Sander M.",D,0.7206605537484312,0.2387271726045642
MI-13,Urban-suburban mix,3.5221456834516797e-4,0.057216582993252205,0.4020936577030625,0.5403375447353401,0.85,0.15,0.81,0.19,0.8,0.19,0.792,0.18600000000000003,D,"Kilpatrick, Carolyn C.",D,0.7413222262550792,0.19076495427625464
MI-14,Urban-suburban mix,0,0.07286772025773544,0.3890747480111846,0.53805753173108,0.86,0.14,0.83,0.17,0.81,0.18,0.764,0.20199999999999999,D,"Conyers, John Jr.",D,0.9239744026473308,0
MI-15,Sparse suburban,0.1276204223200363,0.3257427704854993,0.3559704348059142,0.19066637238855008,0.66,0.33,0.62,0.38,0.6,0.38,0.568,0.401,D,"Dingell, John D.",D,0.70703145256492,0.24952795224310384
MN-01,Rural-suburban mix,0.45134739999617796,0.32164490176414473,0.19205051026436556,0.034957187975311714,0.51,0.47,0.47,0.51,0.45,0.49,0.494,0.44,D,"Walz, Timothy J.",D,0,0.3292809867629362
MN-02,Sparse suburban,0.2384605078493712,0.44885575400447786,0.2990539757185619,0.013629762427589124,0.48,0.5,0.45,0.54,0.44,0.51,0.366,0.634,R,"Kline, John",R,0,0.5728524903022383
MN-03,Dense suburban,0.049642821242616736,0.34133580754733983,0.5862632213457795,0.022758149864264027,0.52,0.46,0.48,0.51,0.46,0.5,0.366,0.588,R,"Paulsen, Erik",R,0,0.484773939052408
MN-04,Dense suburban,0.0028928150506665577,0.19944284935305895,0.48748883115916886,0.3101755044371057,0.64,0.34,0.62,0.37,0.57,0.37,0.5920000000000001,0.34700000000000003,D,"McCollum, Betty",D,0,0.31307077444955667
MN-05,Urban-suburban mix,4.509475734596233e-4,0.01923015641497782,0.41309173314230024,0.5672271628692622,0.74,0.24,0.71,0.28,0.63,0.29,0.6779999999999999,0.242,D,"Ellison, Keith",D,0,0.22004852097773178
MN-06,Rural-suburban mix,0.3018286899585639,0.5140089619586092,0.18416234808282694,0,0.45,0.53,0.42,0.57,0.42,0.52,0.39799999999999996,0.525,R,"Bachmann, Michele",R,0,0.46406078201247764
MN-07,Pure rural,0.6868633740677765,0.25317744833880024,0.05995917759342319,0,0.47,0.5,0.43,0.55,0.4,0.54,0.552,0.376,D,"Peterson, Collin C.",D,0,0.2766683615101055
MN-08,Pure rural,0.6413478065208856,0.2895022775411185,0.050515390170026125,0.018634525767969885,0.53,0.45,0.53,0.46,0.49,0.44,0.466,0.48200000000000004,D,"Oberstar, James L.",R,0,0.32151173856092075
MO-01,Dense suburban,7.000839814612039e-4,0.16104815033860287,0.5972142339971328,0.2410375316828031,0.8,0.19,0.75,0.25,0.72,0.26,0.735,0.237,D,"Clay, Wm. Lacy",D,0.8685859562430622,0
MO-02,Dense suburban,0.09134121767975838,0.28815652568666356,0.6173927790612463,0.0031094775723318033,0.44,0.55,0.4,0.6,0.39,0.59,0.292,0.679,R,"Akin, W. Todd",R,0.3540896404355205,0.6227589220840851
MO-03,Dense suburban,0.1134141055997712,0.25289021639969855,0.30905333539863195,0.32464234260189834,0.6,0.39,0.57,0.43,0.54,0.43,0.489,0.467,D,"Carnahan, Russ",D,0.6636815692084793,0.3040570883499251
MO-04,Pure rural,0.6514464953673299,0.3044664245725219,0.044087080060148345,0,0.38,0.61,0.35,0.64,0.4,0.58,0.451,0.504,D,"Skelton, Ike",R,0.6591059629928655,0.3408940370071345
MO-05,Dense suburban,0.040086405524065276,0.32115376064930645,0.5227150287410731,0.11604480508555508,0.64,0.35,0.59,0.4,0.6,0.37,0.531,0.444,D,"Cleaver, Emanuel",D,0.6437315405577403,0.35626845944225966
MO-06,Rural-suburban mix,0.3590498658976085,0.39094140830181906,0.23123575414530143,0.018772971655271097,0.45,0.54,0.42,0.57,0.44,0.53,0.305,0.695,R,"Graves, Sam",R,0.36859500633506603,0.594274551782739
MO-07,Rural-suburban mix,0.3957560353285062,0.3935782459536848,0.19070049035903228,0.01996522835877662,0.35,0.63,0.32,0.67,0.36,0.62,0.303,0.634,R,"Blunt, Roy",R,0.28157989183569915,0.6776233555684814
MO-08,Pure rural,0.6513657721329275,0.32293441329225464,0.02569981457481789,0,0.36,0.62,0.36,0.64,0.39,0.59,0.28800000000000003,0.6559999999999999,R,"Emerson, Jo Ann",R,0.26156356005289483,0.7143606623354223
MO-09,Pure rural,0.5511589087539638,0.3465461460091702,0.09568191051567097,0.006613034721195027,0.44,0.55,0.41,0.59,0.42,0.55,0,0.7759999999999999,R,"Luetkemeyer, Blaine",R,0.47487852962635246,0.49994877287756717
MS-01,Pure rural,0.624518959764225,0.33165895211728585,0.04382208811848918,0,0.38,0.62,0.37,0.62,0.4,0.59,0.406,0.5539999999999999,D,"Childers, Travis W.",R,0.5447129227948176,0.4388483518801133
MS-02,Rural-suburban mix,0.46606840758568685,0.36239629144496555,0.1715353009693476,0,0.66,0.34,0.59,0.4,0.57,0.41,0.616,0.375,D,"Thompson, Bennie G.",D,0.6905024488817344,0.3094975511182656
MS-03,Pure rural,0.6070779434772383,0.2926152788050386,0.10030677771772303,0,0.38,0.62,0.34,0.65,0.35,0.64,0.308,0.6829999999999999,R,"Harper, Gregg",R,0.37462485588305183,0.6253751441169482
MS-04,Pure rural,0.4739496913830865,0.41681599339550157,0.10923431522141192,0,0.32,0.68,0.31,0.68,0.33,0.65,0.47,0.518,D,"Taylor, Gene",R,0.7453626096744103,0.25463739032558974
MT-AL,Pure rural,0.5175553230949601,0.25934516860973406,0.1942764158618982,0.02882309243340762,0.47,0.49,0.39,0.59,0.33,0.58,0.33799999999999997,0.605,R,"Rehberg, Denny",R,0.3242462050322312,0.6414431274693283
NC-01,Pure rural,0.6233643996648951,0.26971106406734546,0.10692453626775944,0,0.62,0.37,0.57,0.42,0.57,0.42,0.5920000000000001,0.408,D,"Butterfield, G. K.",D,0.7028267662275632,0.29717323377243676
NC-02,Pure rural,0.47422538761349076,0.3938605424040751,0.1284272315464946,0.003486838435939547,0.52,0.47,0.46,0.54,0.46,0.53,0.485,0.496,D,"Etheridge, Bob",R,0.6692691753510036,0.31271319907516
NC-03,Pure rural,0.52855916108999,0.3829025638283077,0.08853827508170241,0,0.38,0.61,0.32,0.68,0.35,0.64,0.256,0.72,R,"Jones, Walter B.",R,0.34100310406796275,0.6589968959320373
NC-04,Sparse suburban,0.09577811143243749,0.4697785203871195,0.4039491811634145,0.030494187017028586,0.63,0.36,0.55,0.44,0.53,0.46,0.569,0.431,D,"Price, David E.",D,0.6331957741042369,0.36680422589576317
NC-05,Pure rural,0.5183262093687808,0.3928974460648983,0.08877634456632087,0,0.38,0.61,0.33,0.66,0.33,0.66,0.341,0.659,R,"Foxx, Virginia",R,0.4163151567800369,0.5836848432199631
NC-06,Rural-suburban mix,0.36141220152517434,0.5211231724583938,0.11746462601643184,0,0.36,0.63,0.3,0.69,0.32,0.67,0.247,0.753,R,"Coble, Howard",R,0.33002719079938525,0.6699728092006147
NC-07,Pure rural,0.5450457841653711,0.32793798653669226,0.12002513783285436,0.0069910914650822545,0.47,0.52,0.44,0.56,0.48,0.52,0.5379999999999999,0.462,D,"McIntyre, Mike",D,0.6884435281520193,0.3115564718479807
NC-08,Rural-suburban mix,0.28291376565135057,0.3963767883795327,0.3038929940707406,0.016816451898376137,0.53,0.47,0.45,0.54,0.46,0.54,0.529,0.44,D,"Kissell, Larry",D,0.5538212734172131,0.4461787265827869
NC-09,Sparse suburban,0.05313964455036194,0.5773992507646383,0.35362317972421453,0.01583792496078526,0.45,0.55,0.36,0.63,0.36,0.63,0.31,0.69,R,"Myrick, Sue Wilkins",R,0.358926524581935,0.6237091929011108
NC-10,Rural-suburban mix,0.38505458442172164,0.5975275444771697,0.017417871101108744,0,0.36,0.63,0.33,0.67,0.34,0.65,0.287,0.713,R,"McHenry, Patrick T.",R,0.4244906574464022,0.5755093425535978
NC-11,Pure rural,0.5105089562795633,0.44821503987887745,0.04127600384155918,0,0.47,0.52,0.43,0.57,0.4,0.58,0.5429999999999999,0.457,D,"Shuler, Heath",D,0.6196128153652896,0.3583248218457601
NC-12,Sparse suburban,0.05608762513711433,0.5497433796585532,0.34797843239688264,0.04619056280744968,0.7,0.29,0.63,0.37,0.57,0.42,0.638,0.342,D,"Watt, Melvin L.",D,0.7155858704370248,0.2844141295629752
NC-13,Sparse suburban,0.2301353853621768,0.31897013916922123,0.4077832943704186,0.043111181098183383,0.59,0.4,0.52,0.47,0.49,0.5,0.5539999999999999,0.446,D,"Miller, Brad",D,0.6593330990403917,0.3406669009596083
ND-AL,Rural-suburban mix,0.4396505454280536,0.22099017084677017,0.25999901872014347,0.07936026500503278,0.45,0.53,0.36,0.63,0.33,0.61,0.45,0.55,D,"Pomeroy, Earl",R,0,0.38025894606086663
NE-01,Rural-suburban mix,0.4279108284510666,0.17458922971512744,0.31927046382257357,0.07822947801123248,0.44,0.54,0.36,0.63,0.36,0.59,0.28600000000000003,0.7140000000000001,R,"Fortenberry, Jeff",R,0.2963891636861731,0.7036108363138269
NE-02,Dense suburban,0.03363534906649529,0.19828124241457404,0.593153972472621,0.17492943604630953,0.5,0.49,0.38,0.6,0.39,0.57,0.386,0.614,R,"Terry, Lee",R,0.4807343261387741,0.5192656738612259
NE-03,Pure rural,0.6028077706180077,0.2785751944573708,0.11861703492462153,0,0.3,0.69,0.24,0.75,0.25,0.71,0.179,0.701,R,"Smith, Adrian",R,0.2312597605413847,0.7687402394586154
NH-01,Rural-suburban mix,0.2879948448594495,0.4956442709853127,0.147375924034627,0.06898496012061084,0.53,0.47,0.48,0.51,0.46,0.49,0.426,0.539,D,"Shea-Porter, Carol",R,0.5172969850852168,0.4583737696843179
NH-02,Pure rural,0.5046455049917538,0.3444963142724371,0.11515354920226094,0.03570463153354817,0.56,0.43,0.52,0.47,0.48,0.47,0.461,0.489,D,"Hodes, Paul W.",R,0.564030379989458,0.4139573050936796
NJ-01,Dense suburban,0.02582309663491427,0.268948080467459,0.4949200245397126,0.21030879835791405,0.65,0.34,0.61,0.39,0.63,0.34,0.626,0.353,D,"Andrews, Robert E.",D,0.7239976574308188,0.25950967361839267
NJ-02,Rural-suburban mix,0.27554547021548137,0.4360527781764052,0.23485810460415915,0.053543647003954274,0.54,0.45,0.49,0.5,0.54,0.43,0.307,0.657,R,"LoBiondo, Frank A.",R,0.3908580282781329,0.5905692602961633
NJ-03,Sparse suburban,0.07370391543500379,0.48992088826432195,0.4189266557705521,0.01744854053012211,0.52,0.47,0.49,0.51,0.54,0.43,0.47200000000000003,0.501,D,"Adler, John H.",R,0.5207629134430006,0.4792370865569994
NJ-04,Sparse suburban,0.05353317321638049,0.3941114682527133,0.43849865408369826,0.113856704447208,0.47,0.52,0.44,0.56,0.5,0.46,0.27899999999999997,0.6940000000000001,R,"Smith, Christopher H.",R,0.32632743001980097,0.6621149498778344
NJ-05,Sparse suburban,0.17616368700962234,0.3484944103323023,0.36603676213981773,0.10930514051825771,0.45,0.54,0.43,0.57,0.45,0.52,0.327,0.65,R,"Garrett, Scott",R,0.42404540997453133,0.5587349153902662
NJ-06,Dense suburban,0.002197977612090836,0.21892536744739324,0.503485275533412,0.2753913794071038,0.6,0.39,0.57,0.43,0.61,0.35,0.55,0.435,D,"Pallone, Frank Jr.",D,0.6694916291614472,0.31610065408014626
NJ-07,Dense suburban,0.0702536202802301,0.3248244517730587,0.40577895286067234,0.1991429750860389,0.51,0.48,0.47,0.53,0.48,0.49,0.405,0.595,R,"Lance, Leonard",R,0.42221305153774336,0.5021885613000122
NJ-08,Urban-suburban mix,6.132363727790503e-4,0.05125653699942046,0.2926390241645005,0.6554912024633,0.63,0.36,0.59,0.41,0.6,0.37,0.625,0.363,D,"Pascrell, Bill Jr.",D,0.7111114087487611,0.2817452876519068
NJ-09,Pure urban,0,0.05354619999743841,0.17753158360686994,0.7689222163956917,0.61,0.38,0.59,0.41,0.63,0.34,0.604,0.38299999999999995,D,"Rothman, Steven R.",D,0.675266319762378,0.31044062800098265
NJ-10,Pure urban,0.007456503029503877,0.009368273161311284,0.09476991497765772,0.8884053088315271,0.87,0.13,0.82,0.18,0.83,0.16,0.857,0.125,D,"Payne, Donald M.",D,0.9892428678700529,0
NJ-11,Sparse suburban,0.04306872624480141,0.5998789742544666,0.27859938853234123,0.0784529109683908,0.45,0.54,0.42,0.58,0.43,0.54,0.305,0.672,R,"Frelinghuysen, Rodney P.",R,0.3700624649531187,0.6184421579750401
NJ-12,Sparse suburban,0.0626098876902709,0.4713476124871582,0.3779943992666546,0.08804810055591625,0.58,0.41,0.54,0.46,0.56,0.4,0.532,0.45799999999999996,D,"Holt, Rush D.",D,0.6311845543341565,0.35317038842226667
NJ-13,Pure urban,1.1825577963333879e-4,0.04316540787306774,0.09106629544415769,0.8656500409031412,0.75,0.24,0.69,0.31,0.72,0.25,0.743,0.228,D,"Sires, Albio",D,0.7535507940382966,0.21742940664651056
NM-01,Dense suburban,0.11481698328589839,0.15066090329211781,0.45033119832283514,0.2841909150991487,0.6,0.4,0.51,0.48,0.48,0.47,0.516,0.484,D,"Heinrich, Martin",D,0.5565444710733843,0.4434555289266157
NM-02,Rural-suburban mix,0.3999716753569556,0.42403250203388704,0.15119910856053975,0.024796714048617653,0.49,0.5,0.41,0.58,0.43,0.54,0.446,0.5539999999999999,D,"Teague, Harry",R,0.5595805693753455,0.4404194306246545
NM-03,Pure rural,0.4903385754471581,0.26859757348337865,0.22572941964025037,0.015334431429212945,0.61,0.38,0.54,0.45,0.52,0.43,0.568,0.43200000000000005,D,"Luján, Ben Ray",D,0.5674141097172287,0.30471613815618204
NV-01,Urban-suburban mix,0,0.08854003134817173,0.3954044396748199,0.5160555289770083,0.64,0.34,0.57,0.42,0.56,0.41,0.617,0.353,D,"Berkley, Shelley",D,0.6764749565354138,0.2832274748604328
NV-02,Rural-suburban mix,0.2893728704164519,0.2781299146304655,0.2480427318461427,0.18445448310693996,0.489,0.491,0.41,0.57,0.37,0.57,0.326,0.633,R,"Heller, Dean",R,0.41438455935906776,0.5182416848749697
NV-03,Urban-suburban mix,0.04779353910430971,0.11644018208381966,0.3432657649614338,0.4925005138504368,0.55,0.43,0.49,0.5,0.49,0.48,0.474,0.48200000000000004,D,"Titus, Dina",R,0.47428904668793526,0.4229128789178187
NY-01,Sparse suburban,0.12918151452708104,0.4082046355378737,0.46261384993504534,0,0.52,0.48,0.489,0.491,0.52,0.44,0.509,0.491,D,"Bishop, Timothy H.",D,0.583786256352628,0.41616692059169935
NY-02,Dense suburban,0.011113411043325661,0.26066975083433863,0.6547538935786318,0.07346294454370383,0.56,0.43,0.53,0.45,0.57,0.39,0.5660000000000001,0.426,D,"Israel, Steve",D,0.6693963441967028,0.3305538492188667
NY-03,Dense suburban,0.016802523496735763,0.08227588628474096,0.5104428248986858,0.3904787653198375,0.47,0.52,0.47,0.52,0.52,0.44,0.28,0.72,R,"King, Peter T.",R,0.3607988072644403,0.6391863945276227
NY-04,Pure urban,0.001793752907000805,0.0387511796393658,0.19937098542177972,0.7600840820318537,0.58,0.41,0.55,0.44,0.59,0.38,0.532,0.46799999999999997,D,"McCarthy, Carolyn",D,0.6400568148561484,0.35993928302461065
NY-05,Pure urban,2.715997936511286e-4,0.043412814359939864,0.11418383289812847,0.8421317529482805,0.63,0.36,0.63,0.36,0.67,0.3,0.624,0.369,D,"Ackerman, Gary L.",D,0.7099472219073172,0.2710640013100052
NY-06,Pure urban,7.871092095984645e-4,5.492886881798251e-6,0.021733634946217686,0.977473762957302,0.89,0.11,0.84,0.15,0.87,0.11,0.8490000000000001,0.151,D,"Meeks, Gregory W.",D,0.9998158718468054,0
NY-07,Pure urban,2.905752967444425e-4,0.01714585671013468,0.03425876757373745,0.9483048004193835,0.79,0.2,0.74,0.25,0.75,0.21,0.797,0.19,D,"Crowley, Joseph",D,0.8464924503898071,0.15347182026711256
NY-08,Pure urban,4.1821806789284846e-5,0.002124704756824638,0.004147662271441444,0.9936858111649447,0.74,0.26,0.72,0.27,0.74,0.18,0.75,0.25,D,"Nadler, Jerrold",D,0.8044340816867723,0.19544583485522438
NY-09,Pure urban,3.498197612409557e-4,0.00872913825497363,0.03001397578347139,0.960907066200314,0.55,0.44,0.56,0.44,0.67,0.3,0.585,0.415,D,"Weiner, Anthony D.",D,0.9304745872343249,0
NY-10,Pure urban,4.7512549525119147e-4,5.963164340756203e-4,0.005738860840647152,0.993189697230026,0.91,0.09,0.86,0.13,0.88,0.08,0.91,0.07200000000000001,D,"Towns, Edolphus",D,0.9418287595115049,0.05808622145030334
NY-11,Pure urban,4.585596990886979e-5,0,0.001892744688997143,0.998061399341094,0.91,0.09,0.86,0.13,0.83,0.09,0.903,0.09699999999999999,D,"Clarke, Yvette D.",D,0.9274898206228678,0.06406954990645977
NY-12,Pure urban,0.0033020952449941505,0.0033279910274200087,0.009480197414417302,0.9838897163131685,0.86,0.13,0.8,0.19,0.77,0.15,0.929,0,D,"Velázquez, Nydia M.",D,0.899451059506319,0.10049046480860177
NY-13,Pure urban,1.5294544523365914e-4,0.044301740679395324,0.10187860559783243,0.8536667082775387,0.49,0.51,0.45,0.55,0.52,0.44,0.478,0.515,D,"McMahon, Michael E.",R,0.574245382670209,0.3331146036725244
NY-14,Pure urban,5.5156640261957274e-5,7.481569255443578e-4,0.00269807898614741,0.9964986074480462,0.78,0.21,0.74,0.25,0.7,0.23,0.7490000000000001,0.217,D,"Maloney, Carolyn B.",D,0.7990955396235631,0.18919967903431192
NY-15,Pure urban,0.020172613906595263,0,0,0.9798273860934047,0.93,0.06,0.9,0.09,0.87,0.07,0.799,0.1,D,"Rangel, Charles B.",D,0.8915904595578058,0.0788963767860648
NY-16,Pure urban,0,0.002762960248408835,0.011780109464161161,0.9854569302874301,0.95,0.05,0.89,0.1,0.92,0.05,0.9540000000000001,0.046,D,"Serrano, José E.",D,0.9658993384927356,0.03408547190302957
NY-17,Urban-suburban mix,0.005946575847632474,0.12399550157085175,0.16042867151315887,0.7096292510683568,0.72,0.28,0.67,0.33,0.69,0.27,0.7070000000000001,0.24600000000000002,D,"Engel, Eliot L.",D,0.7987010740358144,0.2012000731510817
NY-18,Urban-suburban mix,0.003741687670426649,0.2693040520503638,0.3221842302864043,0.40477002999280526,0.62,0.38,0.58,0.42,0.58,0.39,0.618,0.382,D,"Lowey, Nita M.",D,0.684619934119564,0.3152938964635288
NY-19,Rural-suburban mix,0.24866802157699425,0.5783836914186343,0.13399626517185537,0.038952021832516094,0.51,0.48,0.45,0.54,0.47,0.49,0.47100000000000003,0.529,D,"Hall, John J.",R,0.5866993601286861,0.4132472579485683
NY-20,Pure rural,0.6018357726024216,0.3088431534206806,0.07284854896155953,0.016472525015338375,0.51,0.48,0.46,0.54,0.44,0.51,0.446,0.5539999999999999,D,"Murphy, Scott",R,0.6212397783887308,0.3786479402791635
NY-21,Sparse suburban,0.19155642554785174,0.26745574774495673,0.30353534466266935,0.23745248204452224,0.58,0.4,0.55,0.43,0.56,0.39,0.593,0.40700000000000003,D,"Tonko, Paul",D,0.6209038974596914,0.35016239415381045
NY-22,Rural-suburban mix,0.3573598447668574,0.30474858074828687,0.201681448991444,0.13621012549341172,0.59,0.39,0.54,0.45,0.51,0.42,0.524,0.47600000000000003,D,"Hinchey, Maurice D.",D,0.6643517606161171,0.33551423233668876
NY-23,Pure rural,0.7755595636966433,0.11417170151321027,0.09867203789495235,0.011596696895194195,0.52,0.47,0.47,0.51,0.47,0.49,0.48200000000000004,0.45799999999999996,D,"Owens, William L.",D,0.34656160785657186,0.6533241977846295
NY-24,Pure rural,0.5469055950472312,0.19143920336924378,0.18601220564877533,0.07564299593474967,0.51,0.48,0.47,0.53,0.47,0.48,0.467,0.5329999999999999,D,"Arcuri, Michael A.",R,0.519678813788281,0.48026953578182857
NY-25,Sparse suburban,0.198495269921304,0.37713802931698115,0.2657303305172042,0.15863637024451058,0.56,0.43,0.5,0.48,0.51,0.45,0.506,0.494,D,"Maffei, Daniel B.",D,0.5481558626118517,0.41873012445184415
NY-26,Rural-suburban mix,0.34074963567197997,0.29486444196268463,0.3185358971369296,0.04585002522840585,0.46,0.52,0.43,0.55,0.44,0.51,0.26,0.74,R,"Lee, Christopher John",R,0.40548208704015387,0.5497142434386965
NY-27,Sparse suburban,0.20554606705690578,0.27055450754326504,0.2469144506844202,0.276984974715409,0.54,0.44,0.53,0.45,0.53,0.41,0.61,0.39,D,"Higgins, Brian",D,0.744206455749464,0.22582700514937185
NY-28,Urban-suburban mix,0.08464698651024478,0.09570125798853937,0.28082655933249717,0.5388251961687187,0.69,0.3,0.63,0.36,0.6,0.35,0.657,0.34299999999999997,D,"Slaughter, Louise McIntosh",D,0.7799103795318415,0.2199405541652739
NY-29,Pure rural,0.5013949317083006,0.2966580479892354,0.17525512612961094,0.02669189417285305,0.48,0.51,0.42,0.56,0.43,0.53,0.44,0.56,Vacant,Vacant,R,0.5096154194846875,0.4902866675128284
OH-01,Dense suburban,0.051405079101670755,0.1743255982317074,0.5175359548451752,0.25673336782144657,0.55,0.44,0.49,0.51,0.46,0.51,0.451,0.524,D,"Driehaus, Steve",R,0.5246717742752034,0.474815214823315
OH-02,Rural-suburban mix,0.2672923830472482,0.3752165869744606,0.287475361500053,0.07001566847823819,0.4,0.59,0.36,0.64,0.34,0.63,0.345,0.586,R,"Schmidt, Jean",R,0.374559742358816,0.4483119436470219
OH-03,Sparse suburban,0.1727490149490206,0.3888465312634078,0.32495922258426735,0.1134452312033042,0.47,0.51,0.46,0.54,0.45,0.52,0.313,0.687,R,"Turner, Michael R.",R,0.36680371940034157,0.6331962805996584
OH-04,Pure rural,0.4862669973456354,0.34772428935963673,0.15183132106314148,0.014177392231586507,0.38,0.6,0.34,0.65,0.35,0.62,0.24600000000000002,0.716,R,"Jordan, Jim",R,0.3483212149005962,0.6516787850994038
OH-05,Pure rural,0.5641771915576566,0.3666756894065409,0.04918554948530434,0.0199615695504982,0.45,0.53,0.39,0.61,0.37,0.59,0.263,0.68,R,"Latta, Robert E.",R,0.3590900609001001,0.6409099390998999
OH-06,Pure rural,0.5498500171790075,0.28031357177059046,0.15883975559682345,0.010996655453578521,0.48,0.5,0.49,0.51,0.47,0.49,0.451,0.503,D,"Wilson, Charles A.",R,0.622832114725725,0.32838119458867576
OH-07,Rural-suburban mix,0.31053717244734413,0.4155076988142641,0.2409130294147865,0.03304209932360525,0.45,0.54,0.43,0.57,0.42,0.56,0.318,0.626,R,"Austria, Steve",R,0.4178465163647982,0.5821534836352018
OH-08,Sparse suburban,0.2154710425230199,0.42949503009198214,0.3075990205374513,0.04743490684754666,0.38,0.6,0.35,0.64,0.36,0.61,0.301,0.659,R,"Boehner, John A.",R,0.32096325943549986,0.6790367405645001
OH-09,Sparse suburban,0.1625123648052244,0.2854333419306243,0.42119027094765293,0.1308640223164983,0.62,0.36,0.58,0.42,0.55,0.41,0.59,0.41,D,"Kaptur, Marcy",D,0.7437350535559977,0.25626494644400233
OH-10,Urban-suburban mix,0,0.13466417005804415,0.4576656675779613,0.4076701623639945,0.59,0.39,0.58,0.41,0.53,0.42,0.528,0.441,D,"Kucinich, Dennis J.",D,0.5702061934164585,0.3912780221095033
OH-11,Urban-suburban mix,1.8503767417931652e-6,0.07954645637727117,0.3883113884665481,0.532140304779439,0.85,0.14,0.81,0.18,0.79,0.18,0.825,0.175,D,"Fudge, Marcia L.",D,0.8522292840483766,0.14710148992955094
OH-12,Sparse suburban,0.08116688251839922,0.33288509912098896,0.4406610264212009,0.14528699193941091,0.53,0.46,0.49,0.51,0.46,0.52,0.405,0.563,R,"Tiberi, Patrick J.",R,0.42241695061988743,0.5478734031099814
OH-13,Sparse suburban,0.03409894902175765,0.4541945312089639,0.4084289981599363,0.10327752160934209,0.57,0.42,0.56,0.44,0.53,0.44,0.555,0.445,D,"Sutton, Betty",D,0.6469799785004031,0.3528957269551196
OH-14,Sparse suburban,0.2172409549997946,0.47243097914915566,0.27734871816621265,0.03297934768483701,0.489,0.491,0.47,0.53,0.44,0.52,0.313,0.6509999999999999,R,"LaTourette, Steven C.",R,0.38740397199370075,0.5831696126084037
OH-15,Dense suburban,0.10791802484446855,0.2288755073420343,0.3752256610678883,0.28798080674560883,0.54,0.45,0.499,0.501,0.44,0.52,0.408,0.547,D,"Kilroy, Mary Jo",R,0.4594027080220381,0.4517933898985644
OH-16,Rural-suburban mix,0.24284294270055665,0.4652792791859319,0.25104736985037857,0.04083040826313278,0.48,0.5,0.46,0.54,0.42,0.53,0.41200000000000003,0.522,D,"Boccieri, John A.",R,0.5536309061790743,0.4463690938209257
OH-17,Sparse suburban,0.13047587429971233,0.4561471818024843,0.3832606118348027,0.03011633206300063,0.62,0.36,0.63,0.37,0.6,0.35,0.537,0.302,D,"Ryan, Tim",D,0.7814588450334152,0.2185411549665848
OH-18,Pure rural,0.6611653821048946,0.26810890950910204,0.06135613018256689,0.00936957820343632,0.45,0.52,0.43,0.57,0.41,0.55,0.40399999999999997,0.539,D,"Space, Zachary T.",R,0.5987462529812048,0.4012537470187953
OK-01,Sparse suburban,0.12452259596562032,0.36850332878719644,0.4336130641965123,0.07336101105067094,0.36,0.64,0.35,0.65,0.37,0.62,0,0.768,R,"Sullivan, John",R,0.33832374253320285,0.6616762574667971
OK-02,Pure rural,0.7495724484025976,0.20553273630791846,0.044894815289483955,0,0.34,0.66,0.41,0.59,0.47,0.52,0.565,0.435,D,"Boren, Dan",D,0.7046907191408595,0.29530928085914054
OK-03,Pure rural,0.6632622157514728,0.22140726286572704,0.10384221207218276,0.011488309310617265,0.27,0.73,0.28,0.72,0.34,0.65,0.22,0.78,R,"Lucas, Frank D.",R,0.2356530324293858,0.6971807277225288
OK-04,Rural-suburban mix,0.4076246334124164,0.2666093214130746,0.2985385891856291,0.027227455988879986,0.34,0.66,0.33,0.67,0.38,0.61,0,1,R,"Cole, Tom",R,0.2920804601493506,0.6601632811669434
OK-05,Dense suburban,0.14005094456107148,0.228740974585469,0.49770113074522904,0.1335069501082304,0.41,0.59,0.36,0.64,0.38,0.62,0.35,0.619,R,"Fallin, Mary",R,0.3410840829216506,0.6589159170783494
OR-01,Dense suburban,0.16982290962041907,0.15358826669285447,0.45454207303303723,0.22204675065368917,0.61,0.36,0.55,0.44,0.5,0.44,0.547,0.423,D,"Wu, David",D,0.7150291348631143,0
OR-02,Pure rural,0.4691131615332484,0.34050005824527657,0.16629281012243477,0.024093970099040244,0.43,0.54,0.38,0.61,0.35,0.6,0.249,0.7509999999999999,R,"Walden, Greg",R,0.257504135096466,0.6949899964451391
OR-03,Urban-suburban mix,0.05948688715569395,0.1127477754505124,0.2841844245338208,0.5435809128599728,0.71,0.26,0.67,0.33,0.61,0.32,0.693,0.122,D,"Blumenauer, Earl",D,0.7454216535409984,0.20835801115339733
OR-04,Rural-suburban mix,0.4041888582434666,0.2508988378095307,0.2769581250775068,0.06795417886949583,0.54,0.43,0.491,0.489,0.44,0.49,0.536,0.447,D,"DeFazio, Peter A.",D,0.8234214983869327,0
OR-05,Sparse suburban,0.24925063554706453,0.2252232812922859,0.4221796712543315,0.10334641190631809,0.54,0.43,0.49,0.5,0.47,0.48,0.513,0.461,D,"Schrader, Kurt",D,0.5425488684510897,0.3833491696397091
PA-01,Pure urban,6.868734989610329e-5,0.019660357264978345,0.02535414323750702,0.9549168121476186,0.88,0.12,0.84,0.15,0.84,0.15,1,0,D,"Brady, Robert A.",D,0.9076157046573438,0.09238429534265624
PA-02,Pure urban,0.0010852415510494372,0.004761417974706668,0.09437317645902277,0.8997801640152211,0.9,0.1,0.87,0.12,0.87,0.12,0.893,0.107,D,"Fattah, Chaka",D,0.8892964514222577,0.11070354857774238
PA-03,Pure rural,0.4859287747603517,0.19273509811050235,0.22608748028826428,0.09524864684088176,0.489,0.491,0.47,0.53,0.47,0.51,0.444,0.556,D,"Dahlkemper, Kathleen A.",R,0.5123672815706745,0.4876327184293256
PA-04,Sparse suburban,0.15574126300279828,0.5137668954724919,0.2906913553839038,0.039800486140806134,0.44,0.55,0.45,0.54,0.46,0.52,0.511,0.489,D,"Altmire, Jason",D,0.5585796548554112,0.44142034514458883
PA-05,Pure rural,0.6624376403367065,0.15909971767322043,0.13354127129682325,0.04492137069324989,0.44,0.55,0.39,0.61,0.38,0.59,0.28300000000000003,0.6859999999999999,R,"Thompson, Glenn",R,0.4103517071089114,0.5671992909689726
PA-06,Sparse suburban,0.07996312334799228,0.497913596063087,0.2649260823893405,0.1571971981995802,0.58,0.41,0.52,0.48,0.491,0.489,0.43,0.57,R,"Gerlach, Jim",R,0.4789894736842105,0.5210105263157895
PA-07,Dense suburban,0,0.30802974097218,0.35790832339570056,0.3340619356321195,0.56,0.43,0.53,0.47,0.51,0.47,0.439,0.55,D,"Sestak, Joe",R,0.5959263958310271,0.4040736041689728
PA-08,Sparse suburban,0.04788871800063012,0.42835238957886845,0.4273914235296044,0.09636746889089698,0.54,0.45,0.51,0.48,0.51,0.46,0.46299999999999997,0.537,D,"Murphy, Patrick J.",R,0.5677488773797398,0.4163464987159807
PA-09,Pure rural,0.6768793987260121,0.14225452538683786,0.14622241593019286,0.03464365995695721,0.35,0.63,0.33,0.67,0.34,0.64,0.27,0.73,R,"Shuster, Bill",R,0.36076014118369226,0.6392398588163077
PA-10,Pure rural,0.6469274621064887,0.15730901094212174,0.12375712795513942,0.07200639899625012,0.45,0.54,0.4,0.6,0.41,0.56,0.449,0.551,D,"Carney, Christopher P.",R,0.5633164984344244,0.43668350156557556
PA-11,Rural-suburban mix,0.3071116522981991,0.3288649358999533,0.19712485492163181,0.1668985568802158,0.57,0.42,0.53,0.47,0.54,0.43,0.455,0.545,D,"Kanjorski, Paul E.",R,0.5162734102211406,0.4837265897788594
PA-12,Rural-suburban mix,0.4043631523686608,0.2845311739512471,0.23464768014775567,0.07645799353233648,0.49,0.5,0.51,0.49,0.55,0.44,0.508,0.49200000000000005,D,"Critz, Mark S.",D,0.5785206492093536,0
PA-13,Urban-suburban mix,0.016182251511527232,0.24020612575230024,0.257660103477207,0.4859515192589655,0.59,0.41,0.56,0.43,0.56,0.42,0.564,0.436,D,"Schwartz, Allyson Y.",D,0.6279420630085515,0.34534772082816345
PA-14,Urban-suburban mix,0.005881968458537813,0.12063733561104323,0.34457206646951477,0.5289086294609042,0.7,0.29,0.69,0.3,0.7,0.28,0.688,0.282,D,"Doyle, Michael F.",D,0.9125781426527076,0
PA-15,Sparse suburban,0.07657447748647898,0.3924208785846298,0.31440173054240145,0.2166029133864898,0.56,0.43,0.501,0.499,0.49,0.48,0.39,0.535,R,"Dent, Charles W.",R,0.4142901415907492,0.5857098584092508
PA-16,Sparse suburban,0.17684694780605154,0.45032130098467615,0.2164402449380712,0.15639150627120108,0.48,0.51,0.38,0.61,0.36,0.62,0.34600000000000003,0.654,R,"Pitts, Joseph R.",R,0.39385975547814805,0.5581501276350326
PA-17,Rural-suburban mix,0.34249000438912786,0.3198154052473176,0.23175103394478422,0.10594355641877022,0.48,0.51,0.42,0.58,0.41,0.56,0.556,0.444,D,"Holden, Tim",D,0.6367941363083593,0.36320586369164065
PA-18,Sparse suburban,0.12272127958729202,0.4761698714089801,0.28078724112276227,0.1203216078809656,0.44,0.55,0.46,0.54,0.47,0.52,0.32799999999999996,0.672,R,"Murphy, Tim",R,0.3593315516050569,0.6406684483949431
PA-19,Rural-suburban mix,0.229357702964399,0.4557716409739991,0.23537038400919227,0.07950027205240955,0.43,0.56,0.36,0.64,0.36,0.61,0.233,0.7190000000000001,R,"Platts, Todd Russell",R,0.3335404010414288,0.6664595989585712
RI-01,Urban-suburban mix,0.04071719596121715,0.32275694486514994,0.23539621930749166,0.40112963986614125,0.65,0.33,0.62,0.36,0.63,0.31,1,0,D,"Kennedy, Patrick J.",D,0.6851668411966151,0.24217209596316946
RI-02,Sparse suburban,0.1320743502272492,0.363897934056196,0.273176717371718,0.2308509983448367,0.61,0.37,0.57,0.41,0.6,0.33,1,0,D,"Langevin, James R.",D,0.7002307345491836,0.29806748764553515
SC-01,Sparse suburban,0.17282184223367017,0.5548726004593406,0.25224812410539404,0.02005743320159522,0.42,0.57,0.39,0.61,0.38,0.59,0.289,0.6509999999999999,R,"Brown, Henry E. Jr.",R,0.4788945796612252,0.5193065382781628
SC-02,Rural-suburban mix,0.3254962056356856,0.4863548168765939,0.17162750643626357,0.016521471051456925,0.45,0.54,0.39,0.6,0.39,0.58,0.43700000000000006,0.535,R,"Wilson, Joe",R,0.46181503758522907,0.537381436215741
SC-03,Pure rural,0.5082173218977772,0.4691182902487273,0.02266438785349547,0,0.35,0.64,0.34,0.66,0.35,0.63,0.361,0.625,R,"Barrett, J. Gresham",R,0.35230188992903677,0.6469431081834586
SC-04,Sparse suburban,0.17391696676776566,0.6202854377374227,0.1970767972603757,0.008720798234435771,0.38,0.6,0.34,0.65,0.33,0.64,0.28800000000000003,0.635,R,"Inglis, Bob",R,0.3691126257623938,0.6009226919668457
SC-05,Pure rural,0.5402687445632823,0.4155065318446672,0.04422472359205042,0,0.46,0.53,0.42,0.57,0.43,0.55,0.452,0.5479999999999999,D,"Spratt, John M. Jr.",R,0.6163703739980737,0.369858138661704
SC-06,Pure rural,0.5821844411136743,0.2371999191029365,0.1636360196622479,0.016979620121141317,0.64,0.35,0.61,0.39,0.58,0.4,0.635,0.358,D,"Clyburn, James E.",D,0.674799613359342,0.32473278873298417
SD-AL,Pure rural,0.5550050357414822,0.22425139404062983,0.19846471296273552,0.022278857255152423,0.45,0.53,0.38,0.6,0.38,0.6,0.45899999999999996,0.48100000000000004,D,"Herseth Sandlin, Stephanie",R,0.6755574435300667,0.32444255646993325
TN-01,Rural-suburban mix,0.43957170047351785,0.4864186621733251,0.07400963735315703,0,0.29,0.7,0.31,0.68,0.38,0.61,0.171,0.8079999999999999,R,"Roe, David P.",R,0.24543371689684745,0.7182450795926291
TN-02,Rural-suburban mix,0.2299849400810062,0.5295096299615933,0.2313191996250968,0.009186230332303655,0.34,0.64,0.35,0.64,0.39,0.59,0.147,0.8170000000000001,R,"Duncan, John J. Jr.",R,0.2188719867656719,0.7811280132343281
TN-03,Rural-suburban mix,0.3681483836520467,0.45726150944166366,0.17459010690628968,0,0.37,0.62,0.38,0.61,0.41,0.57,0.28,0.568,R,"Wamp, Zach",R,0.2740109815923309,0.6937155887603702
TN-04,Pure rural,0.7585434755433116,0.22751922231842653,0.013937302138261973,0,0.34,0.64,0.41,0.58,0.49,0.5,0.384,0.5720000000000001,D,"Davis, Lincoln",R,0.5875622985929024,0.3780829046656392
TN-05,Sparse suburban,0.09329921506659329,0.4120863285742664,0.4155150711010682,0.07909938525807204,0.56,0.43,0.52,0.48,0.57,0.42,0.5670000000000001,0.41600000000000004,D,"Cooper, Jim",D,0.6584386180071262,0.3101247451034463
TN-06,Rural-suburban mix,0.44644727246262855,0.4252142678394456,0.12007982587026834,0.008258633827657534,0.37,0.62,0.4,0.6,0.489,0.491,0.294,0.6729999999999999,D,"Gordon, Bart",R,0.7442266730005976,0
TN-07,Rural-suburban mix,0.35711920156923893,0.41912026455615636,0.21800760831485053,0.005752925559754175,0.34,0.65,0.33,0.66,0.4,0.59,0.248,0.7240000000000001,R,"Blackburn, Marsha",R,0.31415263142946404,0.685847368570536
TN-08,Pure rural,0.6246025436205641,0.31220400253646774,0.06319345384296814,0,0.43,0.56,0.47,0.53,0.51,0.48,0.38799999999999996,0.59,D,"Tanner, John S.",R,0.9997008625130873,0
TN-09,Dense suburban,0.014351127239133973,0.22884405723635554,0.6844803828947543,0.07232443262975626,0.77,0.22,0.7,0.3,0.63,0.36,0.74,0.251,D,"Cohen, Steve",D,0.878540935646671,0
TX-01,Pure rural,0.5378093596468656,0.33732535628428834,0.12486528406884607,0,0.31,0.69,0.31,0.69,0.33,0.68,0,0.9,R,"Gohmert, Louie",R,0,0.8757610297183842
TX-02,Sparse suburban,0.15482973423923754,0.3520611943284682,0.4872295889567143,0.005879482475580023,0.4,0.6,0.37,0.63,0.37,0.63,0,0.8859999999999999,R,"Poe, Ted",R,0,0.8892257533745697
TX-03,Dense suburban,1.5751686903584098e-5,0.22079573267975727,0.587208453665182,0.1919800619681571,0.42,0.57,0.33,0.67,0.3,0.7,0.313,0.6629999999999999,R,"Johnson, Sam",R,0.3803340296658654,0.597453312478349
TX-04,Pure rural,0.491029122318895,0.3801726770557853,0.12879820062531974,0,0.3,0.69,0.3,0.7,0.34,0.66,0.22,0.732,R,"Hall, Ralph M.",R,0.29283044715771556,0.6879804750884473
TX-05,Rural-suburban mix,0.35111206752032476,0.2731475131021974,0.3211266303315934,0.0546137890458845,0.36,0.63,0.33,0.67,0.34,0.66,0.275,0.705,R,"Hensarling, Jeb",R,0,0.8359497282678422
TX-06,Sparse suburban,0.19945612881008506,0.26083995902683266,0.46931452975928173,0.0703893824038005,0.4,0.6,0.34,0.66,0.34,0.66,0.312,0.659,R,"Barton, Joe",R,0.3561133643640718,0.6201680792067916
TX-07,Urban-suburban mix,0.003048755405784191,0.1063309147819106,0.47445498261470465,0.4161653471976006,0.41,0.58,0.36,0.64,0.31,0.69,0,0.8190000000000001,R,"Culberson, John Abney",R,0.423608103556133,0.5590099472732647
TX-08,Rural-suburban mix,0.44407165909333973,0.4317986208731865,0.1241297200334738,0,0.26,0.74,0.28,0.72,0.31,0.69,0.18,0.795,R,"Brady, Kevin",R,0.24788142273104666,0.725616655748272
TX-09,Urban-suburban mix,0.002092457120050987,0.09732569545991651,0.39174333358200963,0.5088385138380228,0.77,0.23,0.7,0.3,0.69,0.31,0.757,0.22899999999999998,D,"Green, Al",D,0.936469914338532,0
TX-10,Sparse suburban,0.19520407232532813,0.3035445128383827,0.39932316417453506,0.10192825066175418,0.44,0.55,0.38,0.62,0.34,0.67,0.33,0.647,R,"McCaul, Michael T.",R,0.4314810422627393,0.5388837016599466
TX-11,Rural-suburban mix,0.4118981065513377,0.2588037453589716,0.3216280094069136,0.007670138682777071,0.24,0.76,0.22,0.78,0.25,0.75,0.154,0.8079999999999999,R,"Conaway, K. Michael",R,0,0.8833078686019863
TX-12,Sparse suburban,0.16207452284706478,0.28154059803697545,0.456637934631843,0.09974694448411676,0.36,0.63,0.33,0.67,0.36,0.64,0.251,0.7190000000000001,R,"Granger, Kay",R,0.30604195658483224,0.6759415673813227
TX-13,Rural-suburban mix,0.40021831533097457,0.3209710820788122,0.2579629775132843,0.02084762507692894,0.23,0.77,0.22,0.78,0.26,0.74,0,0.871,R,"Thornberry, Mac",R,0.22353062922830816,0.7764693707716919
TX-14,Rural-suburban mix,0.37806802463065325,0.3060930708789417,0.28861950600912567,0.027219398481279408,0.33,0.66,0.33,0.67,0.36,0.64,0.24,0.76,R,"Paul, Ron",R,0,1
TX-15,Rural-suburban mix,0.23608511527520734,0.510065698148049,0.25384918657674377,0,0.6,0.4,0.49,0.51,0.54,0.46,0.557,0.41600000000000004,D,"Hinojosa, Rubén",D,0.6571334326972414,0.3194895790065238
TX-16,Dense suburban,0.04550087921757986,0.24487538262256311,0.48217657618122545,0.22744716197863155,0.66,0.34,0.57,0.44,0.59,0.41,0.5820000000000001,0.366,D,"Reyes, Silvestre",D,0.8213995451194849,0
TX-17,Rural-suburban mix,0.41763404015879074,0.3139507794973826,0.21626284773529555,0.052152332608531075,0.32,0.67,0.3,0.7,0.32,0.68,0.366,0.618,D,"Edwards, Chet",R,0.5298438717906323,0.45500389730023383
TX-18,Dense suburban,0.0037879045417153405,0.1708192573864069,0.586742319124531,0.2386505189473467,0.77,0.22,0.72,0.28,0.72,0.28,0.7020000000000001,0.273,D,"Jackson Lee, Sheila",D,0.7732494614928355,0.20341002507830466
TX-19,Rural-suburban mix,0.3684746253935116,0.2523905650861177,0.3202397063500498,0.058895103170320956,0.27,0.72,0.23,0.77,0.25,0.75,0.191,0.777,R,"Neugebauer, Randy",R,0.24947229494735845,0.7243896462334112
TX-20,Dense suburban,0.01699727952378505,0.06201960983441169,0.6479247725979796,0.2730583380438236,0.63,0.36,0.55,0.45,0.58,0.42,0.636,0.345,D,"Gonzalez, Charles A.",D,0.7189743300104487,0.2518144079523312
TX-21,Sparse suburban,0.21012405334387374,0.29561066304274464,0.3953194883615547,0.09894579525182688,0.41,0.58,0.34,0.66,0.31,0.69,0.27899999999999997,0.6890000000000001,R,"Smith, Lamar",R,0,0.7999704287826516
TX-22,Sparse suburban,0.04685349569091683,0.4208405081526606,0.46062972714430617,0.07167626901211642,0.41,0.58,0.36,0.64,0.33,0.67,0.298,0.675,R,"Olson, Pete",R,0.4535995728086215,0.524267382967362
TX-23,Rural-suburban mix,0.2701418308938749,0.33962150936246804,0.3398719189786069,0.050364740765050195,0.51,0.48,0.43,0.57,0.47,0.54,0.444,0.494,D,"Rodriguez, Ciro D.",R,0.5576163346779224,0.41917494905809455
TX-24,Dense suburban,2.827139971227944e-4,0.2677448955287345,0.4882922593101954,0.24368013116394735,0.44,0.55,0.35,0.65,0.32,0.68,0,0.816,R,"Marchant, Kenny",R,0.4106878130834211,0.5598402927965397
TX-25,Rural-suburban mix,0.26749251613172276,0.29394198913548536,0.2725764932970735,0.16598900143571838,0.59,0.4,0.54,0.46,0.47,0.53,0.528,0.44799999999999995,D,"Doggett, Lloyd",D,0.6582822970449302,0.30447723278040206
TX-26,Sparse suburban,0.09132278972621709,0.33692240650531763,0.5222700695911393,0.04948473417732596,0.41,0.58,0.35,0.65,0.38,0.62,0.307,0.6709999999999999,R,"Burgess, Michael C.",R,0.3642902064271093,0.6017122105211237
TX-27,Sparse suburban,0.1996513996166898,0.3051715366007491,0.35461339301792644,0.14056367076463466,0.53,0.46,0.45,0.55,0.501,0.499,0.47100000000000003,0.479,D,"Ortiz, Solomon P.",R,0.5795160015694857,0.3838497714850982
TX-28,Rural-suburban mix,0.28947015276321375,0.37152836888946666,0.25071523374642596,0.08828624460089358,0.56,0.44,0.46,0.54,0.499,0.501,0.562,0.42100000000000004,D,"Cuellar, Henry",D,0.6870702125292089,0.29222209858684767
TX-29,Dense suburban,0.0074673892849890944,0.19379718943129523,0.5981991961497232,0.20053622513399244,0.62,0.38,0.56,0.44,0.57,0.43,0.6459999999999999,0.341,D,"Green, Gene",D,0.7464651572185703,0.23888982527108266
TX-30,Dense suburban,0.020456608313535612,0.19327432835195296,0.5639064132307862,0.2223626501037253,0.82,0.18,0.75,0.25,0.74,0.26,0.758,0.21600000000000003,D,"Johnson, Eddie Bernice",D,0.8248470408283327,0.1586510177667961
TX-31,Sparse suburban,0.2356176177479198,0.3643788553685848,0.3682575847344457,0.0317459421490497,0.42,0.58,0.33,0.67,0.32,0.69,0,0.825,R,"Carter, John R.",R,0.36579998901491223,0.6026796748414028
TX-32,Dense suburban,0,0.0879481424429507,0.5134658590188781,0.39858599853817117,0.46,0.53,0.4,0.6,0.36,0.64,0.349,0.626,R,"Sessions, Pete",R,0.40572103786125746,0.5725124316872631
UT-01,Sparse suburban,0.17992399070058177,0.2911538834607635,0.4384045544105534,0.09051757142810125,0.33,0.64,0.25,0.73,0.27,0.68,0.23800000000000002,0.695,R,"Bishop, Rob",R,0.3047306760697985,0.6485491604738914
UT-02,Rural-suburban mix,0.26120613259738584,0.2558160862000956,0.32468089286416213,0.15829688833835648,0.39,0.57,0.31,0.66,0.31,0.67,0.507,0.45899999999999996,D,"Matheson, Jim",D,0.6335060647383909,0.344744132634752
UT-03,Dense suburban,0.14725063162614063,0.2764471888764619,0.4255828961683245,0.15071928332907297,0.29,0.67,0.2,0.77,0.24,0.75,0.22899999999999998,0.725,R,"Chaffetz, Jason",R,0.2828297710378891,0.6561043115877209
VA-01,Rural-suburban mix,0.3487169893646256,0.4108291534653137,0.21571770308148666,0.024736154088574103,0.48,0.51,0.39,0.6,0.39,0.58,0.348,0.64,R,"Wittman, Robert J.",R,0.4175280050625604,0.5657605497762925
VA-02,Dense suburban,0.09319620214720818,0.15546937763795338,0.49659054673697,0.2547438734778685,0.51,0.49,0.42,0.58,0.43,0.55,0.425,0.532,D,"Nye, Glenn C.",R,0.5240163864785694,0.47462423026770245
VA-03,Dense suburban,0.0912867363775278,0.14258822792874434,0.5405456094650732,0.22557942622865454,0.76,0.24,0.66,0.33,0.66,0.32,0.701,0.272,D,"Scott, Robert C. ""Bobby''",D,0.970168386658471,0
VA-04,Rural-suburban mix,0.31776256973783334,0.40386636426815636,0.27223542782652144,0.0061356381674888775,0.5,0.49,0.43,0.57,0.44,0.54,0.377,0.623,R,"Forbes, J. Randy",R,0.40368467151539067,0.5951046421599839
VA-05,Pure rural,0.6809642705069306,0.19164124759770093,0.09816555853563791,0.02922892335973047,0.48,0.51,0.43,0.56,0.41,0.55,0.47100000000000003,0.508,D,"Perriello, Thomas S. P.",R,0.5008578384992872,0.4985650128045011
VA-06,Rural-suburban mix,0.37008174062088994,0.3656354148420119,0.2627857890619917,0.0014970554751064203,0.42,0.57,0.36,0.63,0.37,0.6,0,0.77,R,"Goodlatte, Bob",R,0.3661009244795001,0.6157327972547313
VA-07,Rural-suburban mix,0.3117186507268992,0.37349162808818126,0.26689433645225785,0.04789538473266174,0.46,0.53,0.38,0.61,0.37,0.61,0.341,0.594,R,"Cantor, Eric",R,0.37096232713912397,0.6272033131276237
VA-08,Urban-suburban mix,9.301009227832255e-4,0.03506897312465823,0.2785551750068553,0.6854457509457034,0.69,0.3,0.64,0.35,0.57,0.38,0.612,0.374,D,"Moran, James P.",D,0.6794272951916075,0.2968491485296941
VA-09,Pure rural,0.7353971659364619,0.22982706629398175,0.034775767769556314,0,0.4,0.59,0.39,0.6,0.42,0.55,0.46399999999999997,0.512,D,"Boucher, Rick",R,0.97067003792667506,0
VA-10,Sparse suburban,0.17257334847273834,0.290005926199793,0.4272354600987522,0.1101852652287164,0.53,0.46,0.44,0.55,0.41,0.56,0.33799999999999997,0.64,R,"Wolf, Frank R.",R,0.3883129545694108,0.5880151786655423
VA-11,Dense suburban,0.01992041680480366,0.22745052315818637,0.5967037197320594,0.15592534030495056,0.57,0.42,0.49,0.5,0.45,0.52,0.49200000000000005,0.49,D,"Connolly, Gerald E.",D,0.5468787813881293,0.43049200119057224
VT-AL,Pure rural,0.7063577422607756,0.1742845682159232,0.08885625202759609,0.03050143749570509,0.68,0.31,0.59,0.39,0.51,0.41,0.645,0.319,D,"Welch, Peter",D,0,0
WA-01,Dense suburban,0.028995964024920867,0.24351561595183047,0.5546303960775112,0.1728580239457376,0.62,0.36,0.56,0.42,0.53,0.42,0.5579999999999999,0.442,D,"Inslee, Jay",D,0.677583908179236,0
WA-02,Rural-suburban mix,0.3185419268431169,0.3507725310170638,0.2917282894664573,0.03895725267336202,0.56,0.42,0.51,0.47,0.48,0.46,0.496,0.504,D,"Larsen, Rick",R,0.6239213469281166,0.37607865307188343
WA-03,Rural-suburban mix,0.280303034862054,0.23396931368481616,0.393358487064866,0.09236916438826384,0.52,0.46,0.48,0.5,0.46,0.48,0.47100000000000003,0.529,D,"Baird, Brian",R,0.6401253659213834,0.3598746340786166
WA-04,Rural-suburban mix,0.3725058368894185,0.3559851381007713,0.22501269448479697,0.04649633052501326,0.4,0.58,0.35,0.63,0.34,0.62,0.317,0.6829999999999999,R,"Hastings, Doc",R,0.3691205405204737,0.6308794594795263
WA-05,Rural-suburban mix,0.32521927349313545,0.24367799475117694,0.29748687951437275,0.13361585224131486,0.46,0.52,0.41,0.57,0.4,0.56,0.355,0.645,R,"McMorris Rodgers, Cathy",R,0.3471934306907599,0.6528065693092401
WA-06,Sparse suburban,0.25394622398664457,0.2760804792346404,0.35404145446169766,0.11593184231701732,0.57,0.41,0.53,0.45,0.52,0.43,0.5710000000000001,0.429,D,"Dicks, Norman D.",D,0.6686456412786621,0.3313543587213379
WA-07,Urban-suburban mix,0.007021923243829884,0.0407626549317251,0.31727110636447087,0.6349443154599742,0.84,0.15,0.79,0.19,0.72,0.21,0.809,0,D,"McDermott, Jim",D,0.8365294527200681,0.16347054727993193
WA-08,Sparse suburban,0.0928573578461079,0.39814217045354827,0.4375463877545463,0.0714540839457976,0.57,0.42,0.51,0.48,0.49,0.47,0.45399999999999996,0.546,R,"Reichert, David G.",R,0.4721568584229292,0.5278431415770708
WA-09,Dense suburban,0.05530696632762228,0.27514017775302824,0.5734716351631646,0.096081220756185,0.59,0.4,0.53,0.46,0.53,0.43,0.534,0.466,D,"Smith, Adam",D,0.6544593967517401,0.34554060324825986
WI-01,Sparse suburban,0.22182669100573155,0.3640460812468906,0.32950354067210885,0.08462368707526906,0.51,0.48,0.46,0.54,0.45,0.51,0.302,0.682,R,"Ryan, Paul",R,0.34689994932249996,0.6397245137867723
WI-02,Rural-suburban mix,0.28010847220538587,0.37368790548281106,0.2328895771896705,0.11331404512213254,0.69,0.3,0.62,0.37,0.58,0.36,0.617,0.38299999999999995,D,"Baldwin, Tammy",D,0.6933272793950719,0.30563989212680337
WI-03,Pure rural,0.6097383023814233,0.25745565581290114,0.1159050985941325,0.016900943211543066,0.58,0.41,0.51,0.48,0.49,0.46,0.504,0.465,D,"Kind, Ron",D,0.6318967452300785,0.34444444444444444
WI-04,Urban-suburban mix,0,0.04678087717522795,0.2599316186239256,0.6932875042008465,0.75,0.24,0.7,0.3,0.66,0.3,0.6890000000000001,0.297,D,"Moore, Gwen",D,0.8762643648767208,0
WI-05,Sparse suburban,0.1430511530121594,0.48227078858261524,0.27036932088390087,0.10430873752132454,0.41,0.58,0.36,0.63,0.35,0.62,0.272,0.695,R,"Sensenbrenner, F. James Jr.",R,0,0.7958132287170533
WI-06,Rural-suburban mix,0.4536506641041908,0.2854152377469086,0.22255238497552396,0.03838171317337661,0.5,0.49,0.43,0.56,0.42,0.53,0.293,0.7070000000000001,R,"Petri, Thomas E.",R,0.362052925366963,0.6370885305400501
WI-07,Pure rural,0.6548001543008781,0.2625761741331359,0.0761850865646717,0.0064385850013142076,0.56,0.43,0.5,0.49,0.48,0.47,0.445,0.52,D,"Obey, David R.",R,0.6079002506881777,0.39143372484900113
WI-08,Pure rural,0.48041976564601424,0.23556344732840187,0.24124322565728493,0.04277356136829904,0.54,0.45,0.44,0.55,0.43,0.52,0.451,0.5489999999999999,D,"Kagen, Steve",R,0.5399794226635104,0.45900565179689223
WV-01,Pure rural,0.523432972234984,0.3164705328486942,0.1154724663185014,0.04462402859782042,0.42,0.57,0.42,0.58,0.43,0.54,0.496,0.504,D,"Mollohan, Alan B.",R,0.9993080100498233,0
WV-02,Pure rural,0.5480186242837704,0.33116574563474066,0.09265550320432715,0.028160126877161802,0.44,0.55,0.42,0.57,0.44,0.54,0.297,0.685,R,"Capito, Shelley Moore",R,0.42924983247407705,0.5706881926180137
WV-03,Pure rural,0.6630820781329343,0.2198543859976869,0.09664123148618331,0.020422304383195457,0.42,0.56,0.46,0.53,0.51,0.47,0.56,0.44,D,"Rahall, Nick J. II",D,0.6691926405950072,0.3308073594049928
WY-AL,Pure rural,0.47927703831973684,0.2887428897886187,0.21758222651190684,0.014397845379737628,0.33,0.65,0.29,0.69,0.28,0.69,0.245,0.705,R,"Lummis, Cynthia M.",R,0.4280679243769923,0.5262495238477115
